,0,1,2,3,4,5
0,-1.0196797481072064,-0.5649400449147132,-0.5721474082370542,-0.25267397730660035,0.0755499757120235,-0.2503486615045204
1,-1.0196801922920402,-0.5649400977135265,-0.572148256716024,-0.2526764016508681,0.07555263701786742,-0.2503492443170732
2,-1.0196838133193045,-0.5649402605188063,-0.5721469705216763,-0.25267342684458294,0.07555184975268421,-0.25034946342851944
3,-1.6162144532576381,14.632242298386737,-0.2769417610314835,-0.1121369439860242,0.5475117327148139,-0.05249857486353464
4,1.4343040876999067,-0.701412593111242,1.5539678246738589,3.7235813538311633,4.898186450044783,-2.3765109796317847
5,-0.9501774633598761,-0.693317563683111,8.275960317787444,-4.103225242500439,-0.5455278510652741,0.10298081407984039
6,-1.019681892833213,-0.5649401804971786,-0.5721478466866534,-0.2526755423141139,0.07555279893526552,-0.25034945437726636
7,-1.0196814646239944,-0.564940171889476,-0.5721483249730863,-0.2526767982484449,0.07555378600236341,-0.2503496086767657
8,-1.0196861440098048,-0.564940388763621,-0.5721468616957707,-0.252673505168404,0.07555331361718233,-0.2503500016829943
9,-1.0196836711092552,-0.564940253236373,-0.5721469939713342,-0.2526734685943732,0.07555180636675525,-0.25034943983033325
10,-1.019683797821398,-0.5649403044345247,-0.5721483431887211,-0.2526772291714112,0.07555560006679936,-0.2503502178163391
11,-1.0196795299631596,-0.5649400639210004,-0.5721483690543386,-0.25267660495771793,0.0755524439849536,-0.25034913628999483
12,-1.0125605995763245,-0.5753412247674811,-0.5546478809320342,-0.2251650365070892,0.07316391199226804,-0.25668829842010643
13,-1.0196743656532041,-0.5649397783416524,-0.5721485672689255,-0.2526763122927908,0.07554908249297788,-0.25034791983558313
14,-1.005817020726301,-0.5851949949338254,-0.5380684986568156,-0.19910163112855936,0.07090167506823278,-0.2626940079369232
15,22.500388233452167,0.3720527482460475,-1.693774356510433,-1.8665689594481143,-2.0760396294161456,1.2194645538463893
16,-1.616212443514622,14.632242401556061,-0.2769420822945832,-0.11213750691888658,0.547511093755881,-0.05249823636470842
17,-0.9025283424574563,-0.7628376477960555,8.39293132980153,-3.919338029872423,-0.5615259489627791,0.0606218507355088
18,-1.0129191384964422,-0.5747929868870764,-0.5555721603945074,-0.2266192552943739,0.07328619322937827,-0.2563522825122713
19,-1.0129217547540987,-0.5747931241376122,-0.5555718325012414,-0.22661877306651934,0.07328727278440464,-0.2563527731044222
20,-1.0196656695260684,-0.5649393433274377,-0.5721503064623945,-0.2526797155343937,0.07554727436059828,-0.2503466480259283
21,-1.0196842519072267,-0.564940328869937,-0.5721483050822012,-0.25267719781990744,0.07555583919416194,-0.2503503133926839
22,-1.019668459251709,-0.5649394618416114,-0.5721491037960664,-0.25267683665001833,0.07554608734548914,-0.2503466998057486
23,-1.0130219685425745,-0.5746565664166883,-0.5557999446857798,-0.22697585421963629,0.07331773556671153,-0.2562698512494739
24,-1.0196708516700903,-0.5649396015440389,-0.5721492388899863,-0.25267760121864524,0.07554826652741066,-0.2503473887151818
25,-1.0044998520641988,-0.587110707906092,-0.534845855082398,-0.19403590099505774,0.07046040564919545,-0.2638608872142658
26,-1.0196736797876893,-0.564939735447725,-0.5721484412408777,-0.25267585130543657,0.07554821865845453,-0.2503476741411184
27,-1.0196764000681904,-0.564939872714179,-0.5721479335464362,-0.2526748876008217,0.07554888400299666,-0.2503480920853455
28,-1.0196745916873302,-0.5649397657278908,-0.5721477888387178,-0.2526741916226439,0.07554712007600624,-0.2503475478259011
29,-1.6162149234749732,14.632242271222177,-0.2769417786180117,-0.11213706968672435,0.5475121366440697,-0.05249870533530658
30,-1.0123599922892599,-0.5756142505303615,-0.5541892191359514,-0.2244440887964729,0.07309617030644086,-0.2568527493749507
31,-1.0123580038819489,-0.5756141786062395,-0.5541904610501308,-0.22444720705040355,0.073098070635889,-0.25685292498283085
32,-1.0124527256937812,-0.575477359048224,-0.5544200671590194,-0.22480753376102922,0.07312847544107684,-0.25676941840939926
33,-1.0196681887341035,-0.5649394787740717,-0.5721500916402746,-0.25267953078121025,0.07554859021777234,-0.25034717611027507
34,-0.9167896547788138,-0.7709561946732459,-0.1794450672179838,0.8860528644563507,2.754208821201456,7.204384338388818
35,-1.0196751238643165,-0.564939825134114,-0.5721486870860467,-0.2526767683043309,0.07554998437367218,-0.25034818075041493
36,-0.9571104386912921,-0.6831898327306106,8.258931499645048,-4.129982194290014,-0.5432316346675763,0.1091589501702124
37,-1.0196905506577623,-0.5649406134576401,-0.5721461106773047,-0.252672142314702,0.07555458752085416,-0.25035071826268196
38,-1.0132151569889936,-0.5743831368232348,-0.5562590879738143,-0.227696927294642,0.07338118783981365,-0.2561037615428167
39,1.4272742126901217,-0.6911483098339086,1.536704985198729,3.6964514812340594,4.900526819208612,-2.3702523355594463
40,-1.013311845507148,-0.574246468638774,-0.5564899246013881,-0.2280609856566315,0.07341645230974433,-0.2560214398073778
41,-1.0014054286822345,-0.591626863904844,-0.5272484789880142,-0.18209376260530832,0.069424944413958,-0.2666134084203857
42,-1.0133085389570204,-0.5742462623251504,-0.556489332470075,-0.2280588052327384,0.07341232938461181,-0.2560202636877367
43,-0.9445438700725735,-0.7015280365640524,8.289783018790853,-4.0814853105953866,-0.5474415413147965,0.09798325474380895
44,-1.0196794934608913,-0.5649400358194189,-0.5721475710353935,-0.2526743873560477,0.07555022960116121,-0.2503486860951731
45,-1.0196792183635421,-0.564939996868035,-0.5721468539422393,-0.25267235476607686,0.07554805623128276,-0.25034821928291195
46,-1.0196582062106108,-0.5649389934139436,-0.5721525174685504,-0.25268462746444703,0.07554769123605899,-0.25034595334650034
47,-0.9271182657733248,-0.755903043281497,-0.2047671351561554,0.8462504570612467,2.757663939960757,7.213557240398548
48,-1.0130348557780169,-0.5746572309420239,-0.5557979755185141,-0.22697249738866637,0.0733220828241952,-0.2562720721973545
49,-1.0197024578931086,-0.5649411966754495,-0.5721433478930528,-0.25266642572378334,0.07555601856673512,-0.250352249112154
50,-1.0196834309958918,-0.5649401359857502,-0.5721438166961199,-0.25266462276000595,0.07554291717023366,-0.2503476228571799
51,-1.019686501593913,-0.5649402978103004,-0.5721434545842304,-0.252664119700429,0.0755442463841894,-0.2503482111736534
52,-1.0051583882284634,-0.5861528984626365,-0.5364587017480875,-0.19657298540694282,0.07068518357293688,-0.26327827776249807
53,-1.0196943851962514,-0.564940848290721,-0.5721466616970701,-0.25267429508377964,0.07555899713087662,-0.2503520072526823
54,-1.0058239540292595,-0.5851954216912365,-0.5380695610550572,-0.1991057070328034,0.07090982954465383,-0.26269637514985406
55,1.4272690687358507,-0.6911485961241249,1.5367051262330367,3.696451033199134,4.90053032219455,-2.370253578399751
56,-1.0128352380867192,-0.574930348835246,-0.5553404222792796,-0.2262547836190144,0.0732581274181022,-0.2564373896543142
57,-1.0196840329531383,-0.5649403541905862,-0.5721494604943044,-0.2526803650908797,0.07555884053943186,-0.25035089556333295
58,-1.0196844533841953,-0.5649403090747176,-0.5721473490820428,-0.2526745809457644,0.07555337156430376,-0.25034983698202234
59,-1.0196888343107378,-0.5649405146356486,-0.5721460564638782,-0.2526717122932723,0.07555314128738873,-0.2503502476478132
60,-1.0196919790125742,-0.5649406967261598,-0.5721461867827679,-0.25267258637646817,0.0755558762805469,-0.2503511270928111
61,-1.019683038068082,-0.5649402000433377,-0.5721464606880613,-0.2526718877013752,0.07554986667872728,-0.2503489827763871
62,-1.0075987853288686,-0.582594854607554,-0.5424446918822041,-0.20598282438816257,0.07150328089702232,-0.2611103310963757
63,-0.9996293352861372,-0.5942273672690606,-0.5228735820965599,-0.1752170881224242,0.06883118028357674,-0.2681992577812664
64,-1.013125499909615,-0.5745202418222703,-0.5560294518986449,-0.22733734358278115,0.0733545306187087,-0.25618855201659096
65,-1.0196843490780412,-0.5649402913489618,-0.5721469865736237,-0.2526735591047955,0.07555229925075625,-0.2503496099502237
66,26.91315344808675,0.5120076156298053,0.010606619804627794,1.3615807277920848,0.2731715438759267,-1.0171228081713513
67,-1.00788178105653,-0.5821843552898415,-0.5431342919356662,-0.20706578062921993,0.07159575338402493,-0.26085994293316744
68,-1.0071183196003348,-0.5832785227551435,-0.541295378049572,-0.20417651551040522,0.0713425551951217,-0.26152539440514644
69,-0.9507359166065176,-0.6924959290177098,8.274587545973382,-4.105372107169314,-0.5453662239025725,0.10348707737345322
70,-1.0003607013836153,-0.5931316197544642,-0.5247196968157019,-0.17812107984433495,0.06907984661194036,-0.26752954401536555
71,-1.0196815561759276,-0.5649401572509822,-0.5721477173657514,-0.25267512936558123,0.07555219038537332,-0.25034929659192473
72,-1.0196714953507173,-0.564939645098046,-0.572149457988134,-0.25267831374792704,0.07554935397078495,-0.2503476750902316
73,-0.9271072130806991,-0.7559025227197419,-0.20477033675622996,0.8462433846219723,2.7576643578829914,7.21355830934995
74,-1.0196728539504678,-0.5649397680881756,-0.5721508727218051,-0.2526824568759842,0.07555425869266337,-0.2503488055491708
75,-0.999443807914798,-0.5945011993488809,-0.5224134962187662,-0.17449465152625834,0.06877093723424163,-0.26836679375576433
76,-1.0058061882724352,-0.5851945087100284,-0.5380723705784008,-0.19911059796906788,0.07090409709072085,-0.262693365969831
77,-1.0196968135116906,-0.5649409707199914,-0.5721462046677342,-0.2526734241183247,0.07555958061841657,-0.2503523782826474
78,1.4345921905354124,-0.7018226883620268,1.5546609568502705,3.7246749331662565,4.898080435739569,-2.3767581051042987
79,-1.0196797788921113,-0.5649399414968305,-0.5721495808827638,-0.25267879301855817,0.07554937701819893,-0.25034780338157636
80,-0.9502634003001452,-0.693179891299212,8.275737851229866,-4.103563499044075,-0.5455282539340736,0.10307196530253385
81,-1.0196784364820497,-0.5649399487960612,-0.5721499128665394,-0.2526799927710404,0.07555197595712516,-0.25034849171711715
82,-1.019673087597055,-0.564939649160723,-0.5721511327233839,-0.2526822474395798,0.07554989430384264,-0.25034735853148066
83,-1.0128301857266102,-0.574930000912434,-0.5553423122451552,-0.22625834582098794,0.07325485943605145,-0.25643568258389754
84,-1.0060816856358974,-0.5847834553279165,-0.5387664326723476,-0.20020280240926183,0.07099283258644803,-0.26244028259924485
85,-1.0196780348331427,-0.5649398373669721,-0.5721501738259875,-0.2526799812265317,0.07554875518160205,-0.2503473915160834
86,-1.0196749626927732,-0.5649397296050874,-0.5721528253449315,-0.25268668864874727,0.07555293180110752,-0.2503478264633361
87,-1.0073137463504316,-0.583005010132662,-0.5417583068390485,-0.20490615308355226,0.07140562964133654,-0.261358060613124
88,18.372073256940798,0.37889258020457617,-5.253363687756051,-10.066309242119997,-1.7568632959735793,2.142288463835127
89,-1.0197220739756916,-0.564942107941128,-0.5721505588986984,-0.2526866292362266,0.07557442495700513,-0.25035618319230807
90,-1.6162327811140325,14.632241534461981,-0.27694160212891816,-0.1121376519348799,0.5475151677031399,-0.05250005485544558
91,-1.0196898609634653,-0.564940267386666,-0.5721514180373801,-0.25268343511786046,0.07555067097945802,-0.2503478364042538
92,-1.0196933268914392,-0.5649405436101694,-0.5721490825253753,-0.2526786034514392,0.07555273449296264,-0.2503492720890668
93,-1.0137767596984353,-0.5735618297360299,-0.5576440318513598,-0.22987634034115045,0.07356930300774503,-0.2556021243036124
94,-1.0196879975020203,-0.5649402743485957,-0.5721490009408203,-0.252677747741065,0.07554978062366104,-0.2503482669010263
95,-1.0138686751862613,-0.5734249205014706,-0.5578745757693848,-0.2302390735880557,0.07360159170978905,-0.2555188663281383
96,-1.0196803042978433,-0.564939865522212,-0.5721512448531711,-0.25268238974163326,0.07554835831492897,-0.25034697981533605
97,-1.013875799670444,-0.5734252604023709,-0.557876574325983,-0.23024489236405393,0.07360766640170816,-0.25552029487835376
98,-0.9570843848334566,-0.683188428714082,8.258923383600681,-4.129999097219388,-0.5432363924328787,0.10916344999083699
99,-1.001687537585501,-0.5912161540632753,-0.5279435601079114,-0.18318943192353374,0.06951909550816662,-0.2663618389851548
100,-1.01968686016059,-0.5649402471189541,-0.5721491900784321,-0.2526782994057164,0.07555059395593418,-0.2503484422451589
101,-1.0196873629394017,-0.5649402506325852,-0.5721487761993335,-0.2526771555645002,0.07554941333946437,-0.2503482086914687
102,-1.0196979225957683,-0.5649407561087976,-0.5721447814120924,-0.2526680703932283,0.07554789337344404,-0.25034916673601115
103,-1.609268531329427,14.622115724482663,-0.2599037230612885,-0.08535147080542044,0.5451758236454571,-0.05866683679879327
104,-1.013130930921296,-0.5745202734321279,-0.5560302689247186,-0.22733841345004807,0.07334958754900575,-0.2561868509970999
105,-1.0196832634485495,-0.5649400825420952,-0.572150545971542,-0.25268143401929133,0.07555138795575413,-0.25034820421032855
106,-0.996153406320001,-0.5992903669611283,-0.5143585509265208,-0.16183320318506628,0.06766258865810207,-0.2712819008564102
107,-1.013683408132444,-0.5736986942831891,-0.5574132627977828,-0.2295130509836696,0.07353695043068478,-0.2556854041217798
108,-0.9271153470885825,-0.7559028158981728,-0.20477013427926183,0.8462437223948686,2.757663968274227,7.213558213173118
109,-1.0196872916829502,-0.5649403071699506,-0.5721489919038796,-0.2526781104302934,0.07555195025541524,-0.25034893783415624
110,-1.0140598103454668,-0.573151380478903,-0.5583349478163743,-0.23096298079356326,0.07366557326614845,-0.2553525243039637
111,-1.0140623570892966,-0.5731515800900925,-0.5583331608841765,-0.23095922702039284,0.07366685635556783,-0.2553535278341317
112,-0.9214935054011655,-0.7641141829684421,-0.19095432908733567,0.8679625917163223,2.755778235400152,7.208553772546342
113,-1.0196920044721376,-0.5649404768738479,-0.572148624212787,-0.25267727565335474,0.07555133762951817,-0.2503489492924071
114,-1.0196886047481872,-0.5649403934818229,-0.5721486274232198,-0.2526774789734286,0.07555283871056019,-0.2503493546954809
115,-1.0196832734111565,-0.56494021280945,-0.5721518466906208,-0.2526856418481117,0.07555822015093301,-0.25034994959976775
116,26.90659047464839,0.5215873464000698,-0.005510500281101503,1.3362449887732657,0.27537129475691524,-1.0112846960015665
117,1.4272790658541161,-0.6911480989540582,1.5367030372774373,3.6964468727898323,4.900528488748163,-2.370252165751333
118,-1.0196840121347344,-0.5649402715591008,-0.5721510283565668,-0.25268379468892704,0.07555816752489798,-0.25035019980869166
119,-1.019684638763678,-0.5649401586518924,-0.5721506451110256,-0.2526818993158643,0.07555251657282598,-0.2503485546149561
120,-1.0139701350892434,-0.5732884882995026,-0.5581048543787523,-0.2306022553528542,0.0736383501041045,-0.25543727779653397
121,-0.951212731472554,-0.6918119002239503,8.273431453707607,-4.107194025511025,-0.5452037035060755,0.1039037389355918
122,-1.0196849782956758,-0.5649402409431984,-0.5721495087310241,-0.2526794944075741,0.07555340091812836,-0.2503491897141445
123,-1.019684368169883,-0.5649401213353769,-0.5721499488269361,-0.25267992993667976,0.07555042986603551,-0.2503481086994518
124,-1.0196726413557673,-0.5649396114652218,-0.5721520289728815,-0.2526843719021353,0.07555045534413653,-0.25034724962260824
125,-1.013593202387607,-0.5738358432182318,-0.5571862218977702,-0.2291605043028852,0.07351662808502937,-0.2557713735024477
126,-1.0196935739766764,-0.5649407164747641,-0.5721489262980968,-0.2526793397345704,0.0755586193744728,-0.2503511740503855
127,-1.0196947871168942,-0.5649408820789057,-0.572152019274852,-0.2526880767163515,0.07556786431667935,-0.2503531482671661
128,-1.0196938971757825,-0.5649407018377797,-0.5721484504570202,-0.25267795081433725,0.07555690894177604,-0.2503507900421695
129,-1.616245159254049,14.632240813329677,-0.27693971966641867,-0.1121350174048327,0.5475224504255775,-0.052503161985721136
130,-1.012169594838725,-0.5758878314861955,-0.5537339891678633,-0.22373339181546892,0.07304054121882333,-0.2570201431496009
131,-1.0132266358156239,-0.574383713681668,-0.5562621869001356,-0.22770619200887368,0.07339188139905986,-0.25610638562516747
132,-1.0135249352770501,-0.573973971059537,-0.5569478946115363,-0.22878098044984735,0.07348593848401527,-0.2558579903607003
133,-1.0134121648848011,-0.5741098645740379,-0.5567231306823849,-0.2284306958405255,0.07345279076857239,-0.25593879432183175
134,-1.0134978670939518,-0.5739726324698874,-0.5569536440913803,-0.22879253465924873,0.07348139975719489,-0.25585427034816116
135,-1.0003664648615622,-0.5931318160811623,-0.5247201486720235,-0.17812227505296668,0.06908004900328804,-0.26752957913868997
136,-1.0196811316108259,-0.5649400461726855,-0.5721504448244646,-0.25268140622369595,0.07555276637829363,-0.2503486278558778
137,-1.0196762414090372,-0.5649397823410415,-0.572149726461003,-0.25267886524534827,0.07554845036088466,-0.2503473997858135
138,-1.0196715356658284,-0.5649395821434524,-0.572151658701716,-0.2526834748411711,0.07555029557054128,-0.25034729273496237
139,-1.0196792561376047,-0.5649399448038586,-0.5721507949580821,-0.2526820235727291,0.07555205610373285,-0.25034826074698086
140,-1.0196820977939853,-0.564940119261992,-0.5721528668760442,-0.2526878554671487,0.07555787031533141,-0.25034950305185616
141,-1.0197076380654997,-0.5649417907559214,-0.5721582202922458,-0.25270722473209845,0.07559381569460717,-0.2503596343441312
142,-1.0196861894917113,-0.5649403146755139,-0.5721498041703167,-0.2526804768152166,0.07555496041794209,-0.25034961219512186
143,-1.0086293990548711,-0.5810893191893453,-0.5449800906541127,-0.2099701839250278,0.07184846792830926,-0.2601919109947501
144,-1.0142605811577514,-0.5728784661366761,-0.5587949198692946,-0.2316879928913343,0.07373924804652766,-0.2551895366227555
145,-1.0140641517486981,-0.5731515580154561,-0.5583362955125379,-0.2309666506840479,0.07366836645381883,-0.25535306961526066
146,-1.019682766287769,-0.5649401285962066,-0.5721498807910578,-0.2526801666967688,0.07555276959741532,-0.2503488343630064
147,-0.921965169655736,-0.7634301684478424,-0.19210860126972706,0.8661440482279357,2.7559455053801107,7.208968478652161
148,-1.0141574864418446,-0.5730148100053001,-0.5585676033241476,-0.23133211862116296,0.07370591511842896,-0.25527125576978044
149,-1.0196907990557604,-0.5649404737410287,-0.5721522525881914,-0.2526867661279132,0.07555837612109696,-0.250350018122212
150,-1.019695186789886,-0.5649408207627341,-0.5721496791207042,-0.25268160608567625,0.07556147133522075,-0.2503518692229993
151,-1.019666170752567,-0.5649392567003423,-0.5721550706015331,-0.25269113747734306,0.075550606965759,-0.25034623476229806
152,-1.0196825801905756,-0.5649401295629697,-0.5721502522918434,-0.25268116126300255,0.07555362343517903,-0.2503489844586274
153,-1.0196811066016298,-0.5649400534914714,-0.5721502930666323,-0.25268107226522596,0.07555284154882859,-0.25034869822290506
154,-1.019696086638701,-0.5649407532579162,-0.5721465507851764,-0.25267297020000395,0.07555296868308865,-0.2503501803955034
155,-1.0196620412320456,-0.5649390155814682,-0.5721500675654941,-0.25267766986399454,0.07553958818016572,-0.2503442373620042
156,0.7098156095669472,-0.5427457114756573,9.674205734110615,0.06488229070677531,-5.682543325309986,1.3190835457328804
157,0.6527637394442503,-0.43257106754664715,0.8567144125810432,3.963550671158949,-5.06561000763344,0.9546521752904148
158,0.6526734739281191,-0.43243404504667926,0.8564833330362609,3.9631869810134766,-5.065578897367545,0.9547360003840152
159,0.652856754986044,-0.4327079278897153,0.8569445160294559,3.9639123718474853,-5.065641960786744,0.9545689687484294
160,3.099720987313078,-0.5587792621934846,2.965567678113914,7.912678091936762,-0.24063265811760953,-1.1652518639266118
161,0.6472400590529022,-0.4244963472030297,0.8431281917936251,3.942192484190084,-5.063756437116323,0.9595737343457068
162,0.6472374051197658,-0.42449649241356596,0.8431290082003456,3.942194166743885,-5.063755855611252,0.9595732484857654
163,0.6472365734477686,-0.4244965032283099,0.843128883004679,3.9421939599113767,-5.063756388649256,0.9595734388309344
164,0.055951072831022707,14.76502198667767,1.1512288223664533,4.103000895104462,-4.593554363019752,1.15275280743019
165,0.6522980642565961,-0.43188664719194914,0.8555624110568325,3.9617393483872614,-5.065453229062881,0.9550695921092264
166,0.6472309744391443,-0.4244967643429212,0.8431301078964956,3.942196552949663,-5.063756094261225,0.9595728604157506
167,0.7097960374273607,-0.5427466962727936,9.674210812201723,0.06489287478186057,-5.682540813227025,1.3190808135079084
168,0.05070268532099733,14.772685902932011,1.1383342637241844,4.082730562107685,-4.591795466035977,1.1574238855863561
169,0.6472379889014859,-0.42449639736714784,0.84312813452221,3.9421924621378617,-5.063757284224213,0.959573978364964
170,0.6525851762782211,-0.43229687511566145,0.8562512104044049,3.962821202589956,-5.065549037725074,0.9548205782368878
171,26.906590474641437,0.5215873464132101,-0.005510501262445842,1.3362449892041273,0.2753712948256771,-1.0112846960415165
172,0.6731118198003417,-0.46226802151138313,0.9066760007165545,4.04208848910202,-5.072430991653979,0.9365550924249207
173,0.6626986438959677,-0.4470776181658712,0.8811204759062148,4.001916624976257,-5.068941983911825,0.945811789688994
174,0.6525810517760122,-0.43229702410782905,0.8562516362689269,3.962822195021937,-5.065549714938651,0.9548205804067381
175,0.6524805077501605,-0.43216060108619714,0.8560241298232404,3.962465803326993,-5.065515589223278,0.9549021581966112
176,0.652581787742903,-0.43229700906567153,0.8562516874255434,3.962822262199174,-5.0655493560952145,0.9548204660137208
177,0.6526588768943377,-0.43243470712946575,0.8564863236227974,3.9631933443875593,-5.0655785156213895,0.954734677199912
178,0.6525526060631717,-0.4322982989002434,0.8562572944388029,3.962834269658314,-5.065549288840752,0.9548181540877249
179,0.6526701409846825,-0.43243410185738335,0.8564829764340076,3.963186439608758,-5.065580754622538,0.9547366295863396
180,0.6472269262195013,-0.4244969793639263,0.8431312833061426,3.9421989813622087,-5.0637553413168375,0.9595721835243595
181,0.6528616406108277,-0.4327077234745654,0.8569437039335965,3.9639106059069262,-5.0656417341509385,0.9545692418579289
182,20.046304755299236,0.5086617484807996,-3.820125927082941,-5.843203176732983,-6.89862840151333,3.3457069264592647
183,0.6472373634904177,-0.4244964472922547,0.843128499054196,3.9421931914087764,-5.063756823168616,0.9595737086650412
184,0.6472286240603194,-0.42449633117868046,0.8431246503023866,3.9421861629451787,-5.063767158322396,0.959577976255321
185,0.6472345143345817,-0.4244966217824348,0.8431295813073624,3.94219538996129,-5.063755816068552,0.9595730037136451
186,0.7398050962100353,-0.6154590476083612,1.210507342077898,5.041115308670932,-2.3816470746089946,8.423481496493938
187,0.6529603468022696,-0.4328442969629461,0.8571723260474904,3.9642692175122876,-5.065674428805954,0.9544868350437364
188,0.6472551459657606,-0.42449556934551835,0.8431240701217024,3.942183930312561,-5.063758759299329,0.9595760252135838
189,0.6909226912740378,-0.48827022490587024,0.9504224591800055,4.110857028464038,-5.07840280392051,0.9207090680022255
190,0.6472436515420874,-0.42449601682443455,0.8431256124050703,3.942187378573177,-5.063759981551005,0.9595757126917953
191,0.6574478647763347,-0.43941383953600144,0.868226727497102,3.9816479513764094,-5.067182423407023,0.9504823631922791
192,3.104600058845673,-0.5658954525337782,2.9775394964759228,7.9314970448905235,-0.24226711030731624,-1.16958828829152
193,0.6472270251891924,-0.42449681639280734,0.8431295184166024,3.9421955876274115,-5.063758610065227,0.9595737569095187
194,0.6472287796347768,-0.42449675645153406,0.8431293758182098,3.942195237361589,-5.0637582515573865,0.9595737222578268
195,0.652287563487218,-0.4318869788975185,0.8555629703899039,3.961740869526452,-5.065455934026364,0.9550700673914699
196,0.6472386519164395,-0.42449630968064894,0.8431273636702808,3.942190955783203,-5.063758488576879,0.9595746070104588
197,0.6522948868000376,-0.43188669657734663,0.8555620187940037,3.961738730923758,-5.065455098253936,0.9550702391815521
198,0.6472271638415107,-0.4244968351791241,0.8431297666981974,3.9421960569870915,-5.0637580970850555,0.9595735220353941
199,0.6522920383100359,-0.4318868430234393,0.8555627927683382,3.961740336737107,-5.065454668600282,0.9550698108665722
200,0.6522921667576327,-0.4318869291925621,0.8555637787903909,3.961742226237337,-5.065452775773517,0.9550689142744487
201,-1.0045938378354586,-0.5869738889010216,-0.5350808300595352,-0.19441006937572214,0.07049999813085592,-0.2637785967232023
202,-1.0196852580644569,-0.5649402773296041,-0.5721513226016721,-0.252684297689393,0.07555713940708376,-0.25034981036279996
203,-1.6161982117979223,14.63224321930228,-0.27694947252282537,-0.11215391963433927,0.5475110955117087,-0.052495683161500425
204,-1.0196843982787478,-0.5649402689832353,-0.572150201118944,-0.25268157873001335,0.07555628748972222,-0.25034987225104083
205,-1.0145249019527274,-0.572466999177843,-0.5594879696630327,-0.2327772976604445,0.0738261530651932,-0.2549359763635574
206,-1.019692682115226,-0.5649406335879101,-0.5721486733972327,-0.25267832258965434,0.07555634607736168,-0.2503505212025459
207,7.543550042460792,-0.464121358660327,4.746152281525857,11.26061427098976,2.0981739673180493,-3.429441411194933
208,-0.957105809049178,-0.6831893389643967,8.258930802886692,-4.129981617164149,-0.5432427401503904,0.10916274334701642
209,-1.0197057257567042,-0.5649410962707749,-0.572151257545448,-0.252685136882136,0.07555986909604596,-0.2503510811161516
210,-1.0146427220174423,-0.5723313788060586,-0.5597157519975955,-0.233136009732932,0.07386724896921494,-0.25485683488448896
211,1.4272599625759634,-0.6911491694877506,1.5367033344452528,3.696444587048076,4.900542113784727,-2.3702569055762344
212,-1.0148207260622377,-0.5720571738474439,-0.5601789355819102,-0.23386547270530747,0.07392848114314589,-0.2546885091874245
213,-1.0196916431576095,-0.5649406105699531,-0.5721513067449717,-0.2526851073683295,0.07556090303555447,-0.25035112024326467
214,-1.0196856397497978,-0.564940258257904,-0.5721545289455078,-0.2526922472168875,0.07556078829530201,-0.2503499745769228
215,-1.0148180426079163,-0.5720570932146694,-0.5601787733528903,-0.233865112027746,0.07392886240851966,-0.25468862749140253
216,-1.0196936449901313,-0.5649406786878215,-0.5721517407224824,-0.2526862269183226,0.0755613920420773,-0.25035117857957
217,-1.0196941902052998,-0.5649407917096209,-0.5721509028932014,-0.2526847453458713,0.07556359922649443,-0.25035214135593314
218,-1.0148153843754792,-0.5720568711658245,-0.5601804360720902,-0.2338684128693474,0.07392670102314282,-0.25468738502487126
219,-1.019690189779328,-0.5649404967215973,-0.5721520782546057,-0.2526866165654342,0.07555979517113316,-0.25035050627326827
220,-1.0196870530909248,-0.5649403107096983,-0.57215294680701,-0.2526882559519384,0.07555842220812055,-0.25034974687068967
221,-1.0196974105154932,-0.5649408237101581,-0.5721490712276769,-0.2526795731952174,0.07555763948736967,-0.2503508957416985
222,26.911559583092515,0.5143341217049007,0.006692459762730753,1.3554277636146028,0.2737057692515147,-1.0157049810240262
223,-1.0148178511070725,-0.5720570133950132,-0.5601789044285288,-0.23386493618398177,0.07392633864646538,-0.2546877908063667
224,-1.0196912952986512,-0.5649405164087419,-0.5721498990995911,-0.2526809477331907,0.07555571394688511,-0.25034991813327045
225,-1.0196972692882547,-0.5649407446197307,-0.5721493369689362,-0.25267973583848585,0.07555528027069554,-0.25035006995204184
226,-1.0148168067507286,-0.5720570530156582,-0.5601789872324298,-0.23386565661902456,0.07392936130134344,-0.25468869486963974
227,-1.0100266847160286,-0.5790360326597644,-0.5484356386691057,-0.21540275329133454,0.07231680413461142,-0.25893917839640135
228,-1.019682736685475,-0.5649401567348673,-0.5721529938889002,-0.25268829448668984,0.07555859749850426,-0.25034970435437937
229,-1.606278626785705,14.617735869798832,-0.2525422621868301,-0.07378707450503263,0.5441864358989456,-0.06133901601229781
230,-1.019679528765759,-0.564940000340216,-0.5721518780214183,-0.252685101790557,0.07555540873098272,-0.2503489852263991
231,18.372074702019916,0.37889288625685935,-5.253362481149014,-10.06630437975692,-1.756874608015981,2.1422916723663863
232,-1.0196904630668773,-0.5649404637544171,-0.572150533891555,-0.2526823946713688,0.0755558430266401,-0.25034974633166596
233,-1.0196976836847564,-0.564940915488326,-0.5721488028066017,-0.25267946019533444,0.07556028907129943,-0.25035181624541186
234,-1.0196784957457545,-0.564939990333814,-0.5721544700399585,-0.25269186990884596,0.0755603807921001,-0.25034972752363144
235,-1.014242074895338,-0.5728775353805389,-0.5587975050687599,-0.23169235679120478,0.07373351497390775,-0.2551865823483044
236,-1.0196930885491475,-0.5649406782496148,-0.5721485490928404,-0.2526782204221898,0.07555727396915647,-0.25035085901832266
237,-1.0196854289264472,-0.5649402655560772,-0.5721492224171518,-0.2526788285759031,0.07555327192863649,-0.2503492466601874
238,-1.019684009657346,-0.5649401916085317,-0.5721516082925336,-0.25268471742052845,0.07555606511772701,-0.2503493607297803
239,-1.0196907475270232,-0.5649405829901749,-0.5721516937297346,-0.2526861045437019,0.07556167602129223,-0.25035122664142595
240,-1.019678483627401,-0.5649398579764524,-0.5721508452409126,-0.2526817275976162,0.07554993648833043,-0.2503475645498578
241,-1.0196776604104563,-0.5649398194145958,-0.5721495222348433,-0.2526782782422062,0.0755475992652805,-0.2503472227495294
242,-1.0147946563225165,-0.5720557882449963,-0.5601806406455475,-0.2338661758282929,0.07391467706789791,-0.254683145398038
243,-1.019675689782234,-0.5649397646818882,-0.5721527150290695,-0.2526864798206453,0.07555308649529825,-0.2503479236122929
244,-1.019685484557301,-0.5649402302854266,-0.5721517747985918,-0.2526850679546466,0.07555576078444777,-0.2503492427181169
245,-1.0196930079947957,-0.5649402849509958,-0.5721545904945422,-0.2526909200413673,0.07555188422179411,-0.2503472994207319
246,-1.0149003527884917,-0.5719195097434339,-0.5604098156042507,-0.23422664481450628,0.07394975062812677,-0.25460144955475145
247,1.5245246559509644,-0.8889539916250248,1.9155949695053889,4.813466082947922,7.581075578610213,5.089482384553334
248,-1.0008405581639421,-0.592447669084704,-0.5258714027738435,-0.17993166965281696,0.06923448264252616,-0.267111817952644
249,-1.015002870501865,-0.5717832310864596,-0.5606370229378368,-0.2345828205575983,0.07398613623835228,-0.25452071216397304
250,1.45127181692502,-0.7261830122045532,1.5956468274530835,3.7891051001042078,4.892487238566222,-2.39160462924743
251,-1.0150955368815757,-0.5716461934682632,-0.5608690981543214,-0.2349484002078594,0.07401494038128033,-0.25443590119764453
252,-1.015008309625735,-0.5717833961865798,-0.5606370529648655,-0.23458280345544172,0.07398497175628661,-0.25452044134923635
253,-1.0196961704757284,-0.5649407181505945,-0.5721506409956311,-0.2526831262497311,0.07555776727641624,-0.2503504275356828
254,-1.0196945182555741,-0.5649407080775317,-0.5721495240205315,-0.2526805867862978,0.07555793277938679,-0.2503507924265501
255,-1.019660732879131,-0.5649388812289844,-0.5721548352761643,-0.2526891832703435,0.07554359862853573,-0.2503440010695277
256,-1.014919730910517,-0.5719205072464836,-0.56040718156686,-0.23422241788003095,0.07395672034016783,-0.25460482426670134
257,-1.0196892991038005,-0.5649403977621092,-0.5721497860346678,-0.2526802932272228,0.07555381681151892,-0.25034931880293765
258,-1.0147443583198763,-0.5721949082961226,-0.5599422724013038,-0.23348931499113362,0.07389661784513575,-0.2547740878967231
259,18.37807771291741,0.37013439316483754,-5.238624628879798,-10.043134448267447,-1.7588900620710617,2.1369546772153427
260,-0.9336554876983697,-0.7174021542476088,8.316492232194918,-4.039495121688977,-0.551103340995312,0.08831383414020061
261,-1.0147282606400143,-0.5721938878509807,-0.559947445876019,-0.23349911006745955,0.07388820616966298,-0.2547695393183544
262,-1.0196941651455624,-0.5649406082515325,-0.5721517813250281,-0.2526857261828691,0.0755581167479636,-0.25035014711473186
263,-1.0147277748484678,-0.5721939218316102,-0.5599469022571458,-0.23349806899729292,0.07388930701019471,-0.2547700436838874
264,-1.6162322698178802,14.632241539216325,-0.2769410069984035,-0.11213621322047879,0.5475147760232428,-0.05250010630470972
265,-1.0196957125929809,-0.5649406980145516,-0.5721506326533525,-0.2526830693574605,0.07555762305301451,-0.25035037608142785
266,1.489836162021538,-0.8093985287089418,10.36778343855636,-0.18085919556878297,4.281752019426936,-2.0107468647476185
267,-1.0196910811473863,-0.5649405344985555,-0.572151031117785,-0.2526840074804533,0.07555840372065815,-0.2503504093980646
268,-1.0196911349325473,-0.5649404426276134,-0.5721505423485911,-0.25268211780932853,0.07555415494263175,-0.2503492263311842
269,-1.0152861162790343,-0.5713726257402136,-0.5613281915797947,-0.23566898474615053,0.07407669495887166,-0.2542692435071716
270,-1.0153772010893385,-0.571235680040155,-0.5615590898203009,-0.23603255242189417,0.07410928576624966,-0.254185955722407
271,-1.0197093697331379,-0.5649414714442734,-0.5721469701808536,-0.2526759750456389,0.07556241701354134,-0.25035327476929287
272,26.93762396332673,0.4762889052029377,0.07070045203137593,1.456046840961959,0.26496961567768473,-1.0388906264547124
273,-0.9089419395747071,-0.7824530905044453,-0.16010188082038057,0.9164603976001429,2.751572849660224,7.19737608133868
274,-1.0060927099298034,-0.5847840730020581,-0.5387640868585712,-0.20019857891465317,0.0709973806260066,-0.2624426478504528
275,-1.019713713639124,-0.5649416329535651,-0.5721448596061447,-0.25267072675095975,0.07555934562008472,-0.25035304465439157
276,-1.0196958393820055,-0.5649406866549592,-0.5721468609095759,-0.25267335509698874,0.07555128668617118,-0.25034955174499474
277,-0.9571308838612761,-0.6831907084685814,8.258932201873758,-4.129981808027192,-0.5432277226403113,0.10915711185193491
278,-1.0152813639822804,-0.5713724388160606,-0.561327549456787,-0.23566713899915118,0.07407518150952692,-0.2542688748052711
279,-1.0196997278390123,-0.5649409899772527,-0.5721474625897986,-0.2526760963662401,0.07555825891433789,-0.25035163128768884
280,-1.0150936615827508,-0.5716462286196815,-0.5608681101924379,-0.2349465510595705,0.07401729404297964,-0.25443690951980663
281,-1.0103978658944766,-0.5784884543030343,-0.5493566579083748,-0.21685034955802812,0.07244161366731319,-0.2586052054810666
282,-1.0056252045557652,-0.5854683569745739,-0.5376125141782608,-0.19838782488604353,0.07083864299149664,-0.26285928152314936
283,-1.015093573829287,-0.5716461280968718,-0.560868391567166,-0.23494659075292823,0.07401408438393538,-0.2544358130797458
284,-1.0104262841075526,-0.5784898306161064,-0.5493545396460586,-0.21684799727527604,0.07245125568625047,-0.25860943432296335
285,-1.0197076911973117,-0.5649411477297108,-0.5721464908101023,-0.25267290592765557,0.07555187139759313,-0.25035007703042894
286,1.544316049595042,-0.9178295911733315,1.9641751387800648,4.889832679908729,7.574442245910563,5.071886091116895
287,-1.009849111081888,-0.5793101818596594,-0.5479730485731751,-0.21467432210746407,0.07225380808152163,-0.25910677484686856
288,-1.0148187287152972,-0.5720568843756925,-0.5601810176373534,-0.23386923452564015,0.07392354460997265,-0.2546862773068452
289,-1.0148174296596955,-0.5720567569369852,-0.5601776922987591,-0.23386018081394797,0.07391548568398883,-0.25468474660112883
290,-1.0150048344203992,-0.5717832081074987,-0.5606386040164871,-0.23458624518769175,0.07398501951880317,-0.25451991102898414
291,-1.0060025526240879,-0.5849210450896647,-0.538533714368061,-0.19983631810589847,0.07096531607105563,-0.26252595698709075
292,-1.0196887385699922,-0.5649402726423199,-0.572149333001659,-0.25267840694288884,0.07554921401277422,-0.25034800144011926
293,-1.0149950788831097,-0.5717826777087482,-0.5606387107757612,-0.23458507248244026,0.07397860085607451,-0.25451767419400356
294,-1.0151806545637083,-0.5715089005738635,-0.5610974076039458,-0.23530433813445523,0.07403871684227471,-0.25435052794707297
295,-1.0152771802076306,-0.5713722794511962,-0.5613302579823362,-0.2356738868391553,0.07407902458723627,-0.25426916614879835
296,-1.0153789423301736,-0.571235753077753,-0.5615556407831144,-0.23602387386411142,0.07410440251450724,-0.2541855195671834
297,-1.0066899210857807,-0.5839647277463288,-0.5401407714424272,-0.20236239790204372,0.07119791146811458,-0.26194814462745236
298,-0.9527119124920506,-0.6896221846001217,8.26975246947156,-4.112972272866224,-0.5447094960305,0.10523936084628685
299,-1.0111638430593894,-0.5773943658149396,-0.5511970310437057,-0.21974329760903538,0.07269656691583079,-0.25793990433112796
300,-1.006663564126021,-0.5839632956160902,-0.5401469558301344,-0.2023742549691129,0.07118957514498345,-0.2619431108502483
301,-1.0152910078050612,-0.5713728872545831,-0.5613286865732222,-0.23567093651060028,0.07408058091036658,-0.2542704058788484
302,-1.011361060971117,-0.5771210584961974,-0.551656930708607,-0.22046623078506059,0.07276027286538442,-0.2577737378460714
303,-1.6121137748974483,14.626219710172041,-0.26681008059519296,-0.0962108817352823,0.5461332029883995,-0.05617031318439343
304,-1.0115402930785802,-0.5768471311880977,-0.5521185452640667,-0.2211933248342716,0.07282782230474869,-0.25760790548402407
305,-1.0196885085857221,-0.5649403515085556,-0.5721498676167721,-0.2526803608397814,0.07555328468915419,-0.25034911134343946
306,-1.0115515673149456,-0.5768476236649962,-0.5521173262577458,-0.2211910638898096,0.07282907296017119,-0.2576088905071188
307,-1.0144993674128193,-0.5724657158954437,-0.5594924291114077,-0.23278559768833396,0.07381963564950385,-0.2549320624726654
308,-1.0153865608138721,-0.5712361813951782,-0.5615589249109291,-0.23603346349609627,0.07411506623628951,-0.2541880027572026
309,-1.015287011209112,-0.5713727992693927,-0.5613277848783561,-0.2356689307381225,0.07408134102162024,-0.25427084714136816
310,-1.0154013316193633,-0.5712369684137338,-0.5615556171035295,-0.23602711772878904,0.07411939833586269,-0.25419066782765287
311,-0.9570981700609359,-0.6831889824374815,8.258930131483877,-4.129982233472805,-0.543246040488517,0.10916451732277879
312,-1.0096477903161114,-0.5795829682033404,-0.547512441466591,-0.2139466744438767,0.07217416694049697,-0.259267802925037
313,-1.0063993054435425,-0.5843746659205409,-0.5394538878750741,-0.2012835230089623,0.07109635574975012,-0.2621939668322588
314,-1.0069520115605952,-0.5835530270126631,-0.5408368851586463,-0.20345755354635517,0.07128060813181095,-0.2616913847296925
315,-1.01531732339492,-0.5713740784290671,-0.5613266996595428,-0.2356673810527793,0.0740836092509496,-0.2542717032642506
316,-1.0155041553696829,-0.571100075906538,-0.5617904860186033,-0.23639732480314776,0.07413968223169999,-0.25410127315809067
317,-1.0072424059472247,-0.5831428178458599,-0.5415268402461145,-0.20454181657940482,0.07137471421537253,-0.26144162359736545
318,-1.0156774915669584,-0.5708260259527984,-0.5622497578739893,-0.23711946630920092,0.07420901902116157,-0.25393715525801064
319,-1.0079854080802417,-0.5820477859089875,-0.5433689277764919,-0.20743791972315315,0.07162848152365983,-0.2607750577175037
320,-1.0116350089365385,-0.576710218661853,-0.552351194094357,-0.22156012922917118,0.0728570165369389,-0.2575224108854888
321,-1.0118374223286732,-0.5764372048074105,-0.5528089821190678,-0.2222784037595233,0.07292097167734221,-0.2573569474198003
322,-1.0158567327386891,-0.5705519784664578,-0.5627094993146475,-0.23784095408441028,0.0742691746019934,-0.25376956519894805
323,-1.0155043885608832,-0.5711003903594052,-0.5617877717458799,-0.23639252041380815,0.07414695885939322,-0.2541043940777972
324,-1.0154886393697655,-0.5710997346418287,-0.561789360820213,-0.23639599678719456,0.0741476503682096,-0.25410421328260285
325,-1.0113611035770425,-0.5771210245427515,-0.5516579425406848,-0.2204677742657044,0.07275754409092569,-0.25777174226734534
326,-1.0115492961420713,-0.5768473864330513,-0.5521199017321505,-0.2211957351809392,0.07282434730224699,-0.2576057627722262
327,26.914372285996482,0.5102285227999368,0.013599797197888341,1.3662859373676075,0.2727630188560416,-1.0182070290863872
328,-1.0119309292131653,-0.5763002511558764,-0.5530371510011535,-0.22263438768413024,0.07294570373193013,-0.2572720439936004
329,-1.608287155276429,14.620607901425386,-0.2573686427810881,-0.08136876620739314,0.544846992047385,-0.05959045909895354
330,1.493575159366914,-0.8148731681099181,10.376993430142027,-0.16638133774500732,4.280495754936348,-2.0140827069769727
331,-1.0197163660437958,-0.5649416022053401,-0.5721480840439729,-0.2526769984181029,0.07555532117581794,-0.2503496614700583
332,-1.0116626337554717,-0.5767114893675024,-0.55234456903788,-0.2215453654121497,0.07285550194547377,-0.2575241085026516
333,-1.0153832116777894,-0.5712358538671114,-0.5615609773595779,-0.23603631712865597,0.07410721707108954,-0.25418391637113624
334,-1.015581446135841,-0.570962666071777,-0.562018924135422,-0.23675500210691694,0.07417155322929454,-0.2540187162806719
335,-1.0197039986976617,-0.5649410264362139,-0.5721507346979698,-0.25268296129476925,0.07555603758577069,-0.25034922973974777
336,-1.0197256246748077,-0.5649420097335192,-0.5721492739432816,-0.2526806015826151,0.07555928218175902,-0.2503505718865348
337,-1.0196950651329884,-0.5649405740838666,-0.5721486667419752,-0.25267680919582536,0.07554885746195823,-0.25034764878527166
338,-1.0113794328838408,-0.577121826716364,-0.5516541017398999,-0.2204593636251214,0.07275679614153971,-0.25777304282568547
339,-1.0196976237829851,-0.5649408082636315,-0.572148712431059,-0.252677878994638,0.07555390629864085,-0.2503491862229488
340,-1.0197041624572076,-0.5649410638985505,-0.5721469999401718,-0.2526738434359118,0.07555215723424936,-0.25034934077877047
341,-1.0154981637463272,-0.571100089005455,-0.5617847868035218,-0.23638483327043994,0.07414176433883503,-0.2541041708628151
342,-1.6162414997217278,14.632241167761562,-0.27694148883724895,-0.11213723111991708,0.5475143547971144,-0.05249929813984333
343,-1.015674021921835,-0.5708258469324984,-0.562247271117646,-0.23711267479555925,0.0742031978572787,-0.2539360105014944
344,-1.011254199321598,-0.5772573357720633,-0.5514277572576719,-0.22010549202725263,0.07272477138972008,-0.2578547245664728
345,-1.0156666389666285,-0.5708255096700446,-0.5622486805255502,-0.23711566480085267,0.07420295553983154,-0.25393541332444836
346,-1.0080588993136574,-0.5819099188964859,-0.5435996588390043,-0.207798929214359,0.07165109331749117,-0.2606885795168053
347,-0.9232741424803815,-0.7615137502292227,-0.19533159798056593,0.8610809625403103,2.7563700821655583,7.2101414297028095
348,-1.01969385642725,-0.5649404566411607,-0.5721488929556253,-0.25267679548361704,0.07554626465408056,-0.2503466889181144
349,-1.0080087853089665,-0.582048853815368,-0.5433667442513964,-0.2074340607124177,0.07163200047202598,-0.26077690907911083
350,-1.0159504992162232,-0.5704146960229969,-0.5629415008173934,-0.23820443797983504,0.07428730987034189,-0.25368146794200375
351,-1.0118284584076573,-0.5764366053873577,-0.5528098056166589,-0.2222786095028474,0.07291275263677108,-0.2573541523667032
352,-1.019705960728501,-0.5649410226118987,-0.5721500570399131,-0.25268089700659835,0.07555266672478834,-0.2503485464750972
353,-1.0197154935885129,-0.5649407627902476,-0.5721545849979711,-0.252688506392175,0.07553700527890163,-0.2503424354377979
354,-1.0122105476021135,-0.5758893547363457,-0.5537303551835538,-0.22372461732493867,0.07303363431848989,-0.2570191151941233
355,-1.008464741070092,-0.5813636159431163,-0.5445212496106281,-0.2092486945177057,0.0717765822256888,-0.26035507962834314
356,-0.9571308866288929,-0.6831904845415886,8.258929990470412,-4.129985287286993,-0.54323499560622,0.10916071649650008
357,-1.019705281682331,-0.5649406893645342,-0.5721529909417321,-0.25268622405159835,0.07554558952133923,-0.2503454007923092
358,-1.0158681612952285,-0.5705520764088862,-0.5627109602369811,-0.23784265026850165,0.07425912080648402,-0.25376605258726403
359,-1.0148891004000946,-0.571918739220611,-0.5604152444196545,-0.2342370806896163,0.07394214210954315,-0.25459650821901036
360,-0.9232104403040275,-0.7616518522503655,-0.19510161456392183,0.861441042032536,2.7563427037123946,7.210056886623501
361,-1.0197090877035098,-0.5649409681863446,-0.5721516175690692,-0.2526837747046235,0.0755487277844067,-0.25034687733276484
362,-1.0197321521129297,-0.5649420502068978,-0.5721507791329974,-0.2526832410366884,0.0755542398499114,-0.2503486508973028
363,0.6472297736520372,-0.4244964047477252,0.843125096004853,3.942186923274356,-5.063764969919498,0.9595775768760101
364,0.6560378522918101,-0.4373605178787899,0.8647656646006127,3.9762047692511895,-5.066725441731996,0.9517404501695835
365,-1.015692630227522,-0.57082574586952,-0.5622546741569762,-0.2371265960135877,0.07418535219278728,-0.25392845037523093
366,-1.0158774139637334,-0.5705522342668256,-0.5627139992537231,-0.2378494308292751,0.07425727071685213,-0.2537647615967383
367,-1.0159673847621302,-0.5704153937793311,-0.5629407264703176,-0.23820311717662312,0.07428806982856885,-0.2536819269068767
368,-1.0081864790742627,-0.5817739781313088,-0.543833719553945,-0.2081688742454351,0.07167527019349715,-0.2606020176146576
369,-1.0122129233028379,-0.5758894927584486,-0.5537338503301761,-0.22373391788801059,0.07304084686993087,-0.2570203380866987
370,-1.0197186130123488,-0.5649414946768712,-0.5721483525370554,-0.2526767871637995,0.07554998370682643,-0.2503483156072724
371,-1.015958409872321,-0.5704151340679405,-0.5629405392440409,-0.23820282829388034,0.0742900571820629,-0.2536823808532163
372,-1.015962924804901,-0.5704153143664534,-0.5629411881861524,-0.23820492984227168,0.07429251737122229,-0.2536832829093412
373,-1.0123247307056809,-0.5757533368364244,-0.5539610673031752,-0.22408846518078632,0.07306776778898658,-0.25693639189995404
374,-1.0197180784529358,-0.5649408609453874,-0.5721562022681657,-0.2526923552424866,0.07553830868659168,-0.2503420268295508
375,-1.015973456203269,-0.5704163954176367,-0.5629359409433052,-0.23819621384915474,0.07430910650728158,-0.25368988842037693
376,-1.0159621565411294,-0.5704152012429351,-0.562944871558119,-0.2382135744809847,0.0742944314067306,-0.2536825894778256
377,-1.0122179334344872,-0.5758897128069711,-0.5537316905673731,-0.22372880801148518,0.07303901276809785,-0.2570205319835193
378,26.90659047462845,0.52158734643775,-0.005510503095121187,1.336244990008768,0.27537129495409085,-1.011284696116124
379,-1.015871934929421,-0.5705518209403677,-0.5627144158726846,-0.23784896823024718,0.07425019965385489,-0.2537623913768443
380,-1.0158908389033554,-0.570552681997704,-0.5627152378062009,-0.23785223600519295,0.07425620378323318,-0.25376388982834763
381,-1.0197190045101383,-0.5649413471222697,-0.572152247999556,-0.2526855446259042,0.07554964137950577,-0.25034694937986873
382,-0.9571492208199157,-0.6831910073981176,8.258925215598056,-4.129996530352803,-0.5432344429107209,0.10916205099139839
383,-1.0197183277346082,-0.5649411392728856,-0.5721563270088357,-0.25269447468531964,0.0755483260426515,-0.2503450744811475
384,-1.0159727678876522,-0.5704155670203044,-0.5629435298058975,-0.2382102380056887,0.0742915242198562,-0.2536822555871948
385,-1.015864066824803,-0.57055148020453,-0.5627167542408175,-0.23785431764072862,0.07425154423744308,-0.2537618965120305
386,-0.9233069044113817,-0.7615146201203283,-0.1953360083863293,0.8610715075214589,2.7563635458679485,7.210144580778112
387,-1.0197268808772073,-0.5649412422441644,-0.5721577655452356,-0.2526968793968142,0.07554265142815088,-0.2503429822566389
388,-1.0118720217146429,-0.5764373176173965,-0.5528195465661955,-0.22229763684836462,0.07289201514281532,-0.2573446037776523
389,-1.003725623725351,-0.5883445169506852,-0.5327763197900205,-0.1907833122169964,0.07016370055592494,-0.26460678613228256
390,-1.0038840433783542,-0.5880697481469226,-0.5332425842023745,-0.19152116949943102,0.07023510935712893,-0.264440326859126
391,-1.0154942863644718,-0.5710987424053292,-0.5617983971390857,-0.23641109594126833,0.07411738675985159,-0.25409222451007185
392,-1.0157805102855813,-0.5706885779765737,-0.5624858216097913,-0.23748990233777822,0.07421400529707896,-0.25384368350276076
393,-1.015801440939373,-0.5706897049570112,-0.5624808899843882,-0.23748028085799028,0.07421991562505982,-0.25384738265642864
394,-1.0159222331579987,-0.57055353909386,-0.562715312249214,-0.23785108358933083,0.0742452431813145,-0.2537608842156404
395,-1.01974687531009,-0.5649422761015573,-0.5721495790379125,-0.2526788354883727,0.07554247587123238,-0.25034605639039004
396,-1.0158377774615817,-0.5706913652063952,-0.5624779485078542,-0.23747512927242226,0.07422496218861614,-0.2538496731615748
397,-0.9999802706635075,-0.5938175572765226,-0.5235858224579525,-0.17634491351607856,0.06888367520422392,-0.2679283757921701
398,-1.0121250615267472,-0.5760250220619982,-0.5535129898735284,-0.22338556794251013,0.07296673335087098,-0.2570876803869995
399,-1.0122233102320668,-0.5758884444989097,-0.5537443057184318,-0.22375074384630128,0.07300261172997993,-0.2570050451878596
400,-1.0197326043564265,-0.5649410818879569,-0.5721600202687162,-0.25270017529695094,0.07553212252501441,-0.25033902875280756
401,-1.0158738543184145,-0.570551755146762,-0.5627199093029263,-0.23786190306979507,0.07425287120291675,-0.25376139667756487
402,-1.0197466419968189,-0.5649418064642214,-0.5721578401884106,-0.2526961990887072,0.07553596375204237,-0.2503409346561308
403,-1.6162698657760068,14.632241446353206,-0.2769582732470113,-0.1121712229104728,0.5474894326689783,-0.052486388767276265
404,-1.0197263079399506,-0.5649408628242448,-0.5721580348234114,-0.2526952660910913,0.07553031765008002,-0.2503391947180041
405,-1.0159819377565056,-0.5704148261213112,-0.5629555368174692,-0.23823360664561463,0.07426953270848609,-0.2536717751112805
406,1.4272239376619622,-0.691150809142243,1.5367114663226342,3.696462923810057,4.900539315106164,-2.3702584399168476
407,-1.0160943480287894,-0.5702789123722062,-0.5631806420557696,-0.23858467082787896,0.07430281274158419,-0.2535908668007451
408,-1.0126297636037713,-0.5753426096395805,-0.5546590258247047,-0.2251862863803906,0.07313502390432677,-0.2566760558438064
409,-1.019762812883239,-0.5649426268006512,-0.5721513639729262,-0.2526817170088839,0.0755349227926523,-0.2503429467633847
410,-1.0197516763189693,-0.564941740631362,-0.572154530953974,-0.25268654981562594,0.07552302196076734,-0.250338374648252
411,-0.9571153434878829,-0.6831889267022283,8.258918326184457,-4.130007564206044,-0.5432551993611932,0.10917119911972023
412,-1.0159995569849314,-0.5704165241764714,-0.5629388237386957,-0.2381986892825672,0.0742834625593234,-0.25368160113631466
413,-1.019726228585224,-0.5649406668200955,-0.5721569313909415,-0.25269123344952976,0.07552184124895307,-0.2503369884291077
414,-1.0158844386735135,-0.5705518640365488,-0.5627143965515319,-0.23784632182856397,0.0742345942578926,-0.2537576721282118
415,-1.0080316144982424,-0.5820491907469464,-0.5433669393519664,-0.20743150963492146,0.07161317916951163,-0.26077116741527023
416,-1.540537500472329,14.49483339028774,8.586366009221194,-3.9387804620569287,-0.07570036192661087,0.29534430127636374
417,-0.9571734749928179,-0.6831913736528058,8.258927872973851,-4.129986848447638,-0.5432575039278176,0.109167954118923
418,-1.0197549530503012,-0.5649419117363008,-0.5721551527666247,-0.2526885005785473,0.07552566879624918,-0.2503390088709337
419,-1.0161314361289824,-0.5702806971563501,-0.5631720715875665,-0.23856633985269413,0.07430468659991742,-0.25359440736436983
420,-1.016114728830746,-0.5702793669639095,-0.5631793864728051,-0.23857971632258598,0.07428923566328068,-0.25358709942777163
421,-0.9272002417402102,-0.7559049393344428,-0.2047769373226786,0.8462321450276247,2.7576342137363463,7.2135692297332605
422,1.4272325304242712,-0.6911502933819867,1.5367112036565533,3.696464083863634,4.90053128897983,-2.370255444132348
423,-1.00923091510468,-0.5802689396413603,-0.5463649354961456,-0.21214571419129308,0.07201330969325612,-0.2596827401880599
424,-1.0197340002003177,-0.5649415872275019,-0.5721501660896403,-0.2526784857184071,0.07553504155643533,-0.25034327579814697
425,-1.012717658263151,-0.5752062189383883,-0.5548816124569633,-0.22553321041084465,0.07317994958126214,-0.2565991246565506
426,-1.0161928987067657,-0.5701424675244401,-0.5634047189121167,-0.23893249573741232,0.07433312913342628,-0.253508978886418
427,-1.0126370323964347,-0.5753434970547728,-0.554650596758205,-0.2251692124564421,0.0731452538415612,-0.2566819465382558
428,26.913622231884844,0.5113233491819937,0.011757839995869159,1.3633904246094457,0.2730144190002243,-1.0175398162922555
429,-1.6162712486010935,14.632241523819284,-0.2769520055106964,-0.11215480867443522,0.5474766025449824,-0.05248473387316817
430,1.4272392869696005,-0.6911499336572301,1.5367113652207292,3.6964652824292985,4.900527356066862,-2.370254292618691
431,-1.0161738702344958,-0.570141512984189,-0.5634070202120101,-0.23893642102617277,0.07432800668720425,-0.2535066371361793
432,-1.0197454742616252,-0.5649418087355831,-0.5721526389530569,-0.2526834501908107,0.0755305297584843,-0.25034103820432524
433,-1.0162646530868575,-0.570004956312876,-0.5636325053763962,-0.23928902105934466,0.07436755649493022,-0.25342727081338573
434,-1.0060541670517993,-0.5849219762746243,-0.5385388023558568,-0.19984316192128712,0.07093469371933489,-0.26251487601378504
435,-1.0197244149642861,-0.564940902721673,-0.5721528468867044,-0.25268292376627144,0.07552711740819597,-0.25033993340252153
436,-1.012520750167328,-0.5754791512255842,-0.5544242661119222,-0.22481434726379482,0.07310650057206139,-0.25676167236632697
437,-1.0197224589520841,-0.5649411350275759,-0.5721507506199529,-0.25267962654274473,0.07553526424107977,-0.25034310422055284
438,-1.016081370382207,-0.5702788959954372,-0.5631739021545678,-0.2385705351133437,0.07431033440611091,-0.25359528278822246
439,-1.008590742888582,-0.5812278319359515,-0.5447484118031464,-0.20960256447925826,0.0717984817075166,-0.26026996442229106
440,-1.0197352470533338,-0.5649418307154672,-0.5721483398613394,-0.25267531064428306,0.0755399924887908,-0.25034551163379004
441,-1.0159237126096188,-0.5705538483102729,-0.5627097315245819,-0.23783855568461557,0.07424589280090312,-0.2537627258722377
442,-1.0082533165256662,-0.581776799409165,-0.5438235895059165,-0.2081470041360297,0.07167322693667241,-0.26060540419288003
443,18.37206191516573,0.37889326008555013,-5.25337227294478,-10.066323260876814,-1.7568932245451674,2.1423009181658257
444,-1.0042140671476372,-0.5876611553453606,-0.5339244795023136,-0.1925866968557636,0.07032222948095282,-0.26419124255764864
445,-1.0197645156668442,-0.5649431086840524,-0.5721481434184899,-0.2526765041323104,0.0755459197801744,-0.250347486249856
446,-1.0159955823222653,-0.5704162484482883,-0.5629408603172256,-0.23820295552583115,0.07428192679908814,-0.2536804900517181
447,-0.9235193382137425,-0.7612419946450594,-0.19578924195344227,0.8603641992200937,2.756422332453019,7.210309832210423
448,-1.0197488390283116,-0.5649423448279138,-0.5721472938930366,-0.25267298945036143,0.0755387066308927,-0.25034556080422915
449,-1.0197273279497514,-0.5649414319389805,-0.5721476948201,-0.2526728885348954,0.07553547402937451,-0.25034431091084125
450,-1.0120214606148064,-0.5761634347626465,-0.5532623841905382,-0.2229847611121448,0.07297605175330793,-0.2571900124912457
451,-1.0161577113433102,-0.5701411623759217,-0.5634052655272253,-0.2389332660659897,0.07433441914121232,-0.2535089562531786
452,-1.0197573366085684,-0.5649422551017872,-0.5721526794573499,-0.25268392767567927,0.07553113286976577,-0.25034143191975666
453,-1.0197663129981096,-0.564942759443977,-0.5721475307286378,-0.2526725402976178,0.07553103512100336,-0.2503434648045951
454,-1.0057128034978633,-0.5856100031361493,-0.537393053732654,-0.19804252231528507,0.07074633372860131,-0.26292080700750875
455,-1.016189032623279,-0.5701427576357294,-0.5633975456521083,-0.23891720310817338,0.07433869066643452,-0.25351297728847694
456,-0.8510163194082894,-0.8112795193558209,-0.15770344741150571,0.3988250363641757,0.018973492159792327,-0.40046984438506944
457,-1.0091955685561098,-0.5805483699724626,-0.5458937226881992,-0.21139828381096215,0.0719370833222994,-0.259850319461712
458,-1.0095755811095406,-0.5798602472828291,-0.5470583902030179,-0.21323632232184211,0.07209307869141049,-0.2594276768695741
459,-1.0128535362214914,-0.5750704617743383,-0.5551149423404734,-0.22590043548212882,0.07319771223949748,-0.2565106789851888
460,-1.0163142657470818,-0.5700065148035605,-0.563633783900522,-0.23929147549683694,0.07435930713774715,-0.25342492453778076
461,-1.0160939934105317,-0.570279072258991,-0.5631734336301666,-0.23856772730954162,0.07429919700505024,-0.25359220314651865
462,-1.0197632436794102,-0.5649427527004122,-0.5721457250501955,-0.2526686288979022,0.07553233792276433,-0.25034441081880826
463,-1.0198290050536247,-0.5649454170139349,-0.5721387649881162,-0.25265402817027827,0.0755308410544447,-0.2503470061002338
464,-1.6162408576054037,14.63224239893819,-0.2769522776148757,-0.11215622929330904,0.5474850907803197,-0.052486604864634745
465,-1.0197635164331675,-0.5649430100394373,-0.5721423782637207,-0.2526617626627463,0.0755362950252151,-0.25034663788071887
466,-1.0088877993743912,-0.5808172757751312,-0.5454418778668015,-0.2106918839661203,0.07187598519456942,-0.26001404797020916
467,-1.0160354144723025,-0.5704178509958233,-0.5629347376094898,-0.23818919800898178,0.07427777786966706,-0.2536816542364271
468,7.525154044768284,-0.4372990700599622,4.701029093200103,11.189684156958236,2.104335129399039,-3.413097124607724
469,-0.9467415023214253,-0.6983811872604127,8.284488199050424,-4.089803485601625,-0.5467483538179279,0.09991015340087758
470,-1.0197488103497583,-0.5649413283197349,-0.572155189470512,-0.25268643436066157,0.07551398647188541,-0.25033569286460416
471,-1.0122838803851104,-0.575891278626426,-0.5537305258283207,-0.2237215925704788,0.07300589096544927,-0.25701164292472173
472,-1.019764474143614,-0.5649428416449291,-0.5721469047188551,-0.25267193402637933,0.07553565356281512,-0.25034507419731217
473,-1.0197650312536992,-0.5649419517153843,-0.5721567988681093,-0.25269087435396,0.07551668010624586,-0.25033606193402186
474,-1.00524361735766,-0.5861555031874394,-0.536457384723209,-0.19656741930198568,0.07066172043821331,-0.26327206636942446
475,-1.0159982496556512,-0.5704166125403397,-0.5629356239951997,-0.23819194635820762,0.0742855302085569,-0.25368373624530793
476,-1.00114089610203,-0.5921783512668475,-0.526318434306731,-0.18062499176246802,0.06928420776226715,-0.2669462149116908
477,-1.0124989246231015,-0.5756194168761014,-0.5541807331159299,-0.2244256523056469,0.07308429836244237,-0.25685332642483866
478,-1.0087360511876637,-0.5810920120766007,-0.5449838494626023,-0.2099731506759336,0.07180637475583415,-0.26017852513317047
479,-1.0160288250626492,-0.5704172407066376,-0.5629377020440965,-0.23819420737259692,0.07426907246023563,-0.2536780595590749
480,-0.957221264062661,-0.683194007758178,8.258936855412534,-4.129971132310773,-0.5432381768455837,0.10915835437161414
481,-0.9933266188135088,-0.603534821238997,-0.5072251625220208,-0.1506188265623532,0.06665894883643383,-0.2738576113365807
482,-1.0155495382185855,-0.5711008615262555,-0.561790830452834,-0.23639347208718106,0.07410849248112662,-0.25409238011951846
483,26.906590474612937,0.5215873464670697,-0.005510505284772758,1.3362449909701404,0.27537129510751746,-1.0112846962052635
484,-1.0123876936901555,-0.5757551421195387,-0.5539574668928653,-0.22407746687745853,0.07304428639364371,-0.25693132511250955
485,-1.019780860724392,-0.5649438563212065,-0.5721390417254633,-0.25265521144309633,0.07553949228654706,-0.2503490588677514
486,5.9475585520981324,-0.7640549970968373,3.6453184737114808,8.081465124729474,9.926820865849972,2.8437180379239217
487,-1.008940402841025,-0.5808192678966021,-0.5454374223639135,-0.21068218137408787,0.07187165576591656,-0.2600149005294086
488,-1.0197538572451736,-0.5649423850994366,-0.572145894072801,-0.2526686110196461,0.07553144436177574,-0.25034385552302457
489,-1.015804784527517,-0.5706897221916455,-0.562477030204735,-0.2374701583653701,0.07421142905753915,-0.2538463307211374
490,-1.0159378063836069,-0.5705532852822057,-0.5627155792427602,-0.23784689881417148,0.07421655468632866,-0.25375251197107085
491,-1.015913904571659,-0.5705532839044876,-0.562709000270987,-0.23783563803735966,0.07423927423216094,-0.25376132281163344
492,-0.9731516825795464,-0.6329572575249435,-0.4577253586488442,-0.07280601767391351,0.059892617708729085,-0.29178482125931443
493,-1.0197803801060212,-0.5649431047882932,-0.5721509834596896,-0.252680363247722,0.07552948570982039,-0.2503420066751673
494,-1.0197855626942285,-0.5649437786700976,-0.5721393673957069,-0.25265464543577787,0.07553144601112112,-0.250346725934
495,18.391941009433612,0.3498803261116578,-5.204558534676426,-9.989588392943785,-1.763552557918384,2.1246181729442353
496,-1.0197241649299917,-0.564941168346149,-0.5721485714173378,-0.2526741106114365,0.07553159034757513,-0.2503428552450427
497,-1.01562501086264,-0.5709634641709711,-0.5620190492591599,-0.2367510942125407,0.07414296709755182,-0.2540106741898029
498,-1.0157125397461435,-0.5708264804652803,-0.5622493864377919,-0.23711373966194568,0.07417797497788454,-0.25392821330732257
499,-1.019751488294254,-0.5649423125060392,-0.5721465908239014,-0.25267038309531586,0.07553286391562176,-0.25034400112203764
500,-1.0197802445919497,-0.5649432297150215,-0.572147558618544,-0.2526726134383059,0.07552942731313385,-0.2503431278880404
501,-1.019741956519602,-0.5649419371400887,-0.5721461288021858,-0.25266891697289645,0.07553157212992691,-0.2503436959826541
502,-0.9638816978878809,-0.6465075231116402,-0.4349175911195748,-0.03694882387149884,0.0568103820092367,-0.3000547204214872
503,-1.596231074134021,14.602952894672866,-0.22766463095407316,-0.03467004250882355,0.5407719518705177,-0.07034410620615485
504,-1.0083931844264291,-0.5815001533081274,-0.5442971098162223,-0.20889504124016778,0.07171229045781777,-0.2604266299622287
505,-1.0197478346840676,-0.5649422211903469,-0.5721457130851817,-0.25266842187538974,0.07553335841078036,-0.2503444374390063
506,-1.0123676300909856,-0.5757548104129145,-0.5539561498220368,-0.224075996622688,0.07305572413909076,-0.25693455133417026
507,-1.0197396235204375,-0.5649421344197877,-0.5721438504254607,-0.25266502477032377,0.07553873257815881,-0.2503466300725394
508,-1.0161040304457465,-0.5702800972060381,-0.5631657603434481,-0.23855274976730226,0.0743113799537773,-0.2535983628631642
509,-1.0086622119134974,-0.5810900570833403,-0.5449789404150556,-0.20996422638545562,0.07182726048953611,-0.2601855288925122
510,-1.0125317196444397,-0.5754798671597328,-0.5544196825880574,-0.22480501744465484,0.07311101636584436,-0.2567646116203664
511,-1.0197503729580872,-0.5649421364519295,-0.5721470477196086,-0.2526707565126687,0.07552911576814687,-0.25034283463567747
512,-1.0090893581987597,-0.5805447316668921,-0.5458959511874297,-0.21140403036757674,0.07195263407497329,-0.2598536008168225
513,-1.0197319779285436,-0.5649416135127792,-0.5721476349104989,-0.25267282811406266,0.07553547556983543,-0.2503443123021483
514,-1.016255633302637,-0.570004867708758,-0.5636285004071829,-0.2392804367136741,0.07437107667408495,-0.2534296333421768
515,-1.0162589331240184,-0.5700050571022031,-0.5636296667726239,-0.23928385915492656,0.07437506642824933,-0.25343048282813124
516,-1.0197157124801415,-0.5649393725718725,-0.5721708879853021,-0.25272009734513745,0.07550842093758676,-0.250328101389491
517,-1.0197605731382278,-0.5649431073568308,-0.5721417901791968,-0.25266162995669883,0.07554314564126409,-0.2503489486786993
518,-1.008756385139375,-0.5809531207155478,-0.5452108947878503,-0.21032962121744672,0.07185676738513566,-0.26010076664963944
519,-1.0160309919330774,-0.5704180599855938,-0.5629344257354781,-0.23819091676589277,0.07429138561693628,-0.25368601863910717
520,26.906590474635507,0.5215873464244202,-0.005510502099636603,1.3362449895716981,0.27537129488433776,-1.0112846960755983
521,27.080579817900116,0.18486776353728776,9.2392264854977,-1.3693905907069752,2.3323807689772833,6.795367798621649
522,-1.0197382180559142,-0.5649418398017455,-0.5721471080644969,-0.2526714879065272,0.07553414338642146,-0.25034403120293836
523,-1.0163856370576354,-0.5698691266066297,-0.563863488320245,-0.2396535475195905,0.07440077067685481,-0.25334454814830587
524,-1.019783377939116,-0.5649431408871086,-0.5721503263566211,-0.25267825991831094,0.07552577216454977,-0.25034110189536074
525,-1.0197659066190592,-0.5649431319663285,-0.5721427226592896,-0.25266295854790893,0.07553821005484897,-0.2503472010100898
526,-1.019785340228577,-0.5649436607375566,-0.5721480065784834,-0.2526748980579224,0.07553681502363614,-0.2503447113990786
527,-1.0197367768865617,-0.5649420721350117,-0.5721459402601781,-0.25267039498930915,0.07554282069631081,-0.2503470387065689
528,-1.0197336346683763,-0.5649418749179881,-0.5721480642063296,-0.2526752986663728,0.07554346663605906,-0.2503466713919203
529,-1.0197379333147194,-0.5649420103263529,-0.5721494447482391,-0.25267867931870713,0.07554443700044518,-0.25034653193850354
530,-1.0197462874929775,-0.564941462138743,-0.5721536855552096,-0.2526837785491123,0.0755189405068329,-0.2503373338399847
531,-1.0197415260566245,-0.5649423449368696,-0.5721438995201278,-0.25266626147284116,0.07554444947622231,-0.2503485493920503
532,-1.0197676378283653,-0.5649436472125485,-0.5721453466343989,-0.2526726157225802,0.07555841684965788,-0.25035257996114524
533,-1.0128072387974605,-0.5750692056195335,-0.5551083171281241,-0.22588643195570976,0.07320737079849335,-0.25651595405805216
534,26.913622231880648,0.5113233491899175,0.011757839404109184,1.3633904248692592,0.2730144190416889,-1.0175398163163458
535,-1.0197413025896338,-0.5649416521940791,-0.5721478819099715,-0.25267165592172663,0.07552480707113497,-0.2503411079303627
536,-1.0198041887737133,-0.5649445977202089,-0.5721403116171168,-0.25265809325548516,0.07553679935753711,-0.2503480775301731
537,-1.0164713366605753,-0.5697326056262615,-0.5640830383456785,-0.23999241357872986,0.07443945341677484,-0.2532666246751366
538,-1.0197752210455795,-0.5649432184468379,-0.5721459159553653,-0.25266934063123003,0.07553277603862331,-0.2503444374615466
539,-1.0165645843018924,-0.5697366617706139,-0.5640791852308279,-0.23998802990792964,0.07445347422519184,-0.25327256412079896
540,-1.0197681464171808,-0.5649434668369311,-0.5721408446197926,-0.25265952092011645,0.07554315156828674,-0.2503489074786729
541,1.4271904186949744,-0.691152410191884,1.5367164329002552,3.6964728987122957,4.900543289322482,-2.3702610768184442
542,-1.6162856390390496,14.632240111707128,-0.2769427399748592,-0.11213753521788411,0.547495232701625,-0.05249358309820741
543,-1.016292531415366,-0.5700069318234563,-0.5636199085473583,-0.2392639177064774,0.07438322317104619,-0.2534362946162876
544,-1.0161664105435737,-0.5701421219900075,-0.5633975490269201,-0.2389180607494333,0.07434604938528218,-0.2535149708627304
545,-1.0197425360559897,-0.5649422431804514,-0.5721474681444946,-0.2526740417668478,0.07554327168740561,-0.2503466922158401
546,-1.0197656551093255,-0.5649433904537974,-0.5721389907623428,-0.2526554222462585,0.07554301678404675,-0.25034999475367636
547,-1.0197259706819901,-0.564941409225805,-0.572148302683639,-0.2526744209031549,0.07553677635112084,-0.25034433387965355
548,-1.0156876730157105,-0.5708255716778988,-0.5622503105760888,-0.23711546543215134,0.07417915094865775,-0.25392781573447404
549,-1.0197519217213469,-0.564942507591368,-0.572144063333024,-0.25266529371715685,0.07553609185301986,-0.25034590819059144
550,-1.011866783548005,-0.576437700092198,-0.5528046909134994,-0.2222642943574904,0.07289333203528306,-0.2573502132165584
551,-1.0197297779834409,-0.5649418064692454,-0.5721442466613472,-0.2526657196220072,0.07553938858716959,-0.25034623001490736
552,-1.0197266104705565,-0.5649414966975637,-0.5721481957638765,-0.2526746076036066,0.07553901866979247,-0.2503450850415058
553,-1.0197146843752085,-0.5649409323700322,-0.5721489235588011,-0.2526753927937227,0.07553566149208997,-0.25034370009854506
554,-1.0197239096064636,-0.564941450162912,-0.5721457146083992,-0.25266863701648784,0.07553738616323398,-0.25034534718302565
555,-1.0158869260382648,-0.5705527056961959,-0.5627046523616891,-0.23782677672425456,0.07424798025676262,-0.25376497338470966
556,-1.0197182901535495,-0.5649410161607014,-0.5721483720995206,-0.2526736928778332,0.07553284870661738,-0.2503429958441403
557,-1.0160546315248447,-0.5702780982052384,-0.5631690350364915,-0.23855896153164147,0.07431038278263043,-0.25359656404149383
558,-1.0160899149582618,-0.5702793580223947,-0.5631709030672651,-0.2385634989107207,0.07430903850798705,-0.25359529030438116
559,-1.0124174988525623,-0.5756161946456964,-0.5541868680455073,-0.22443760551816852,0.073084028658888,-0.25684987268825155
560,1.519804297150615,-0.8821127241407363,1.9040925188146192,4.7953924791709595,7.5826374301465576,5.093652505799867
561,-1.0197286203453806,-0.5649414407331457,-0.5721484755738825,-0.2526746486684285,0.07553526038328391,-0.2503440345972193
562,-1.019768691921132,-0.5649421248759972,-0.5721526472191987,-0.2526807941587089,0.07551235239339583,-0.2503361905955871
563,-1.0163363018417244,-0.5698674613607077,-0.563859769420108,-0.23964423256219,0.07440149662173147,-0.25334544440087065
564,-1.0197275590808055,-0.564941136650378,-0.5721504049447138,-0.2526776006032647,0.07552787483500951,-0.2503409856265674
565,-1.0197609914916548,-0.5649422315621518,-0.5721501679441435,-0.25267680089260364,0.0755224390040903,-0.2503398169438079
566,-1.0197400316722958,-0.5649416364492788,-0.5721497654610284,-0.25267643412384433,0.07552806642194722,-0.2503413173240031
567,-1.0197261282452124,-0.5649410570872719,-0.5721501169565519,-0.25267669871768544,0.07552661086701941,-0.25034070766175603
568,-1.0196808283967587,-0.5649393353003502,-0.572156709165412,-0.2526917948978608,0.07553341642969393,-0.2503398416038788
569,-1.0197247253645114,-0.5649411440377737,-0.5721491488844714,-0.2526750178416858,0.07552979107474113,-0.2503418383012274
570,-1.0197303255991599,-0.5649415902747552,-0.5721445652215322,-0.2526653704077761,0.07553274725987198,-0.2503445322019151
571,-1.019747147817641,-0.5649424631864962,-0.5721454313950777,-0.2526695302673956,0.07554290715141933,-0.25034751205022887
572,25.23967702346591,0.3811441738860004,-1.4207849381943036,-2.8586163274819967,5.4146649383792305,-2.2212033173651777
573,5.910496274966612,-0.6809381708481633,12.091507235421068,3.0777028409311296,6.628302636598311,-4.25433374050133
574,-0.9978945508761556,-0.5968289210946527,-0.5184961410910979,-0.16833106552693533,0.06821399683918469,-0.26977855678497886
575,-1.0197386249152172,-0.5649419044788536,-0.572145361656738,-0.2526675090506456,0.0755337734956036,-0.25034458027182377
576,-1.0197430205042064,-0.5649422522190106,-0.5721454224595078,-0.25266868221958305,0.07553948205195295,-0.250346043244465
577,-1.6094475155054306,14.622249228542918,-0.26012786773946345,-0.08570081292425086,0.5452044205707316,-0.05858521080193198
578,1.4272389281472766,-0.691149934044374,1.5367126792505788,3.696468581343434,4.900525371207281,-2.3702542192806293
579,-0.957163362406661,-0.6831910727931597,8.258929716421504,-4.129982345341452,-0.5432579212472046,0.10916773558244944
580,-1.019701596463156,-0.5649397119663878,-0.5721584542136661,-0.2526940483921598,0.0755216627556894,-0.2503359219568183
581,-1.019725084834718,-0.5649413253023298,-0.5721475701446171,-0.2526722561184692,0.0755340282719661,-0.2503437642934996
582,-1.0197319861199952,-0.5649413821521478,-0.572148014907464,-0.2526723815479455,0.07552807040792082,-0.2503420569107628
583,-1.019723932258984,-0.5649411188673183,-0.5721486664299397,-0.25267414623433704,0.07553052350528923,-0.2503425775276686
584,-1.0197453045455218,-0.5649420106757521,-0.5721492903323148,-0.25267679747464966,0.07553490224451183,-0.2503439199469182
585,-1.0197352872605592,-0.5649410296459011,-0.5721521979356334,-0.25268000573524785,0.07551733168668047,-0.25033760817499057
586,-0.923792187122643,-0.7608307281620061,-0.19648256407448128,0.8592746897505392,2.756505799932387,7.21056432903906
587,-1.0197188560618244,-0.5649408787616926,-0.5721490461035328,-0.25267445078862016,0.0755284256943168,-0.2503415373732692
588,-1.019728714410712,-0.5649415697759557,-0.5721455065557651,-0.25266788510773913,0.07553518355147111,-0.25034485804975093
589,26.90659047462886,0.5215873464369806,-0.0055105030376627045,1.3362449899835411,0.27537129495006474,-1.0112846961137847
590,0.7097604230425912,-0.5427476376822944,9.674209884283558,0.06489253633572478,-5.682554203435142,1.31908508926817
591,-1.0163580873741613,-0.5698685569724213,-0.5638577833382256,-0.2396414876664895,0.07440874670573645,-0.25334844378846416
592,-1.019719037695106,-0.564941123821631,-0.5721470502826177,-0.2526709914027445,0.07553421595658084,-0.2503439532387565
593,-1.0197237952547211,-0.5649416409506691,-0.5721441374482062,-0.25266595612943665,0.07554225989240639,-0.2503473609080942
594,-1.0197139816949312,-0.5649407161461456,-0.5721508014451884,-0.25267879453012215,0.07553119888762806,-0.2503416496477469
595,-1.0197249136769577,-0.56494098699829,-0.572151044959789,-0.25267894194569324,0.07552736554550084,-0.2503407223609844
596,-1.0161654255654209,-0.5701417167427529,-0.5633991388942051,-0.23891989386268642,0.07433595963643098,-0.25351165383584423
597,-1.019753776219269,-0.5649423871762356,-0.5721473843745544,-0.25267220496670945,0.0755330208396895,-0.2503436418766468
598,-1.0197409517920784,-0.5649417826365245,-0.5721485704007407,-0.252674295011288,0.07553085708762848,-0.2503426915986732
599,1.519814408390194,-0.8821122491446559,1.9040901870813902,4.795387400276693,7.582637389782161,5.093653309416653
600,-1.0197191465400948,-0.5649410065139858,-0.5721491459871654,-0.25267533427127964,0.07553225140355148,-0.25034251512442746
601,-1.0197286199320916,-0.5649415634178824,-0.572145114770897,-0.25266683907645626,0.0755343727833387,-0.25034469228547096
602,-1.0159728723470878,-0.5704149664101663,-0.5629429914843721,-0.2382049315405326,0.07426895906731164,-0.2536755682150003
603,-1.019747067252368,-0.5649424763001301,-0.5721428193556989,-0.252662912105301,0.07553926142563035,-0.25034709569159264
604,-1.0197857592421926,-0.5649432092290291,-0.572150923085854,-0.2526807145792408,0.07552972539770621,-0.2503432502293276
605,-1.0197599957523777,-0.5649425465213912,-0.5721465039455207,-0.25266952835563433,0.0755287409660257,-0.2503425606637525
606,-1.0197590724709933,-0.564942611810059,-0.5721486296387651,-0.2526756598608925,0.07553588381915773,-0.25034419173024075
607,-1.019742524679135,-0.5649418570500934,-0.5721468632758132,-0.25267085004159284,0.0755316809744472,-0.25034428758884114
608,-1.0197311599193717,-0.5649413976531443,-0.5721486508220742,-0.25267404121514936,0.07552979076704293,-0.25034211917552945
609,-1.0197386899171104,-0.5649420616958871,-0.5721452023211743,-0.2526679812249216,0.07553861124970564,-0.25034595271080173
610,-1.0197685581804148,-0.5649427963075151,-0.5721495310002804,-0.25267672174206984,0.07552995059539143,-0.25034185779522244
611,-0.9537242965784773,-0.6882548973021381,8.267441421243905,-4.116604195153308,-0.5444409207874887,0.1060900163374513
612,-1.0197491128258194,-0.5649411554727075,-0.5721570588115233,-0.25268969668323654,0.07550907214266518,-0.2503333273323956
613,-1.0197565728129685,-0.5649422000347449,-0.5721476435015808,-0.25267119812951605,0.0755235712298908,-0.2503409107854283
614,-1.0197259633380438,-0.5649412851058728,-0.5721473687701234,-0.2526712116322548,0.07553081044903877,-0.250342770557597
615,-1.0165522553028088,-0.5695952470381875,-0.5643130801273305,-0.2403534318961009,0.07446972814642407,-0.25318285130930474
616,-1.6162856135753776,14.632241193778293,-0.27695259722057397,-0.11215517292053967,0.5474697442662821,-0.05248250376452726
617,-1.0197325798748198,-0.5649411388113489,-0.5721527509870143,-0.2526820889377637,0.07552334630068054,-0.25033855033500696
618,-1.0197147563238078,-0.564940881662098,-0.5721486458268313,-0.25267429235162914,0.07553314511751387,-0.25034296802846123
619,-1.0085681323138196,-0.5812267197677313,-0.5447498988620485,-0.2096041994467972,0.07179129626107769,-0.2602672140793648
620,-1.0196802416248125,-0.5649394146741317,-0.5721546379791107,-0.25268732667027455,0.07553450075907843,-0.2503409435862526
621,-1.0160765696977745,-0.5702784493112754,-0.5631732332848817,-0.23856687790941047,0.07429925871819827,-0.25359194930009243
622,-1.0159742902717142,-0.5704152676010625,-0.5629398833837118,-0.23819876736999496,0.07427357199912916,-0.2536780090593537
623,-1.0160137893228454,-0.5704168985191275,-0.5629366454854929,-0.23819258229438106,0.07427512587987996,-0.2536800106908129
624,-0.9571130341892703,-0.6831892056819825,8.258928985427499,-4.129983400587648,-0.543255843035753,0.10916758766611567
625,-1.0196877341335713,-0.5649397933916993,-0.5721486909349057,-0.25267343228423456,0.07553069435994166,-0.2503420799420002
626,-1.019719265290261,-0.5649410204488061,-0.5721480465070236,-0.25267288625941753,0.07553198428707587,-0.2503430663208481
627,-1.0085699381565318,-0.5812266493878367,-0.5447545200721016,-0.20961492635508097,0.07179268849055051,-0.2602661022533998
628,-1.0197344634104293,-0.5649414934833439,-0.5721517329579904,-0.25268172941560946,0.07553331202286935,-0.25034226286159506
629,-1.0197275272572301,-0.5649411918001849,-0.5721493934453475,-0.25267547265734114,0.07552866078345145,-0.2503416062035465
630,-1.0197411418027338,-0.5649419877315827,-0.572147137915334,-0.2526719963469185,0.07553601729148669,-0.2503447415409518
631,-1.0159794319523088,-0.5704153091048054,-0.5629419969232107,-0.23820305753268278,0.07427055344002338,-0.2536762787822553
632,-1.0197287776887691,-0.56494141928429,-0.572149485300855,-0.2526768202596664,0.07553498491980067,-0.2503434160032271
633,-1.0197180875278709,-0.5649410247041006,-0.57214981977559,-0.25267754136629444,0.07553587132917218,-0.25034355922179746
634,-1.0160604826680675,-0.5702780817126775,-0.5631707320510685,-0.23856176997051265,0.07430412532302351,-0.25359410592406073
635,-1.0158745353315815,-0.5705520013307451,-0.5627090671407946,-0.23783601601865287,0.07424536891131951,-0.25376260366465736
636,-1.0159094461511888,-0.5705537245306477,-0.5627071737659488,-0.23783473412939962,0.07425791356119078,-0.2537673514683897
637,-1.0197157528005754,-0.5649407793716209,-0.5721507080784737,-0.25267871356828,0.07553147333592349,-0.2503419273498452
638,-1.019726906102925,-0.5649411255867358,-0.5721513244119154,-0.25267999322857865,0.07552966208181396,-0.25034122687016774
639,26.90659047463008,0.5215873464346765,-0.005510502865594123,1.3362449899079936,0.2753712949380077,-1.01128469610678
640,-1.0197225301060606,-0.5649407787641302,-0.572153044853931,-0.25268287703790276,0.0755248922498339,-0.25033901051750185
641,-1.0124128501545278,-0.5756160989061109,-0.5541868933362373,-0.22443797659396988,0.07308646866950577,-0.25685044968045095
642,-1.0123159282591552,-0.5757525136782368,-0.5539601251317436,-0.22408269644279055,0.0730486534550058,-0.256930825171026
643,-0.9571545125210856,-0.6831910542856819,8.258931204920732,-4.129980575751287,-0.5432483284125711,0.1091642791220436
644,-1.0197251512676797,-0.5649411799750209,-0.5721488661357806,-0.25267450241529044,0.07553033261614274,-0.2503421625314011
645,-1.0197530611439802,-0.5649421283658735,-0.5721498242188818,-0.2526769427849883,0.07552856900977163,-0.2503416262938514
646,-1.0158621626491773,-0.5705512714385409,-0.5627127434643153,-0.23784314763748465,0.07424041882901007,-0.2537596568760949
647,-0.9234216800506254,-0.7613785471094568,-0.1955600704576727,0.8607249665905112,2.75638520578839,7.210229018110798
648,-1.015785010289824,-0.5706883488693271,-0.5624863795185555,-0.23748868884123878,0.074200057343932,-0.2538391786416845
649,-1.019752048277813,-0.5649420023205939,-0.5721581496513135,-0.2526972059656395,0.07553676003104277,-0.2503412892021411
650,-1.0040098424981447,-0.5879345997014194,-0.5334549545695534,-0.19184220805004584,0.07026008792484947,-0.2643611808483663
651,-1.0197430702122035,-0.5649418121761071,-0.5721495667794241,-0.2526762526021428,0.07552947634907588,-0.2503416751390656
652,-1.0197070786914537,-0.5649401972115121,-0.5721531670424214,-0.2526828651435605,0.07552498252498309,-0.25033889161703676
653,-1.0157714102228452,-0.5706884448413836,-0.5624790253053433,-0.23747391845657498,0.07421171915608939,-0.25384508076670464
654,-1.0156018540828602,-0.5709630333557587,-0.5620168263895631,-0.23674739806734654,0.07415375742149173,-0.2540139842114329
655,-1.0197363582940462,-0.5649417395448886,-0.5721460387009051,-0.2526684633840428,0.07553115950573654,-0.2503433493251248
656,-1.0156890159747782,-0.5708259273773463,-0.5622463683766068,-0.23710742373849272,0.07418408349899432,-0.25393045816914267
657,-1.0197055891159272,-0.564940313759651,-0.5721503829830369,-0.25267703588832996,0.07552757925056137,-0.25034066717207804
658,-1.015677718505567,-0.570825355610295,-0.5622489142656676,-0.23711270531920572,0.07418257626339238,-0.25392916507290525
659,-0.9958848891635703,-0.5997009338560273,-0.5136677298132467,-0.1607438289215792,0.0675493187700297,-0.27152589879622285
660,-1.0197078742235672,-0.5649405240444026,-0.5721514252892252,-0.25268045137134326,0.07553329008217897,-0.2503420065030392
661,-1.0197370085788853,-0.5649407748903575,-0.5721604565905274,-0.25269824188979867,0.07551559753110822,-0.25033385871685704
662,-1.01975267352333,-0.5649420366630146,-0.5721525235343764,-0.2526832337032958,0.07552963312546936,-0.25034108062966237
663,-1.0197541270952681,-0.5649424974258634,-0.5721460317401742,-0.252669530091868,0.07553493875159524,-0.2503447620440124
664,-1.616257208566502,14.632241163890663,-0.27694206806667415,-0.11213514762930135,0.5474939617778253,-0.052492983091441445
665,-1.0120246838760278,-0.5761627762852155,-0.5532697696929192,-0.22299827487275667,0.07295819003140888,-0.257182146525876
666,-1.0197178187971356,-0.5649404181713253,-0.572155726170252,-0.2526884350548212,0.07552242179551096,-0.250337464313929
667,-1.0161703046554662,-0.5701419804842731,-0.563398316038814,-0.23891830142147208,0.07433715724990327,-0.2535121567000806
668,-1.0158741837040477,-0.5705517965594469,-0.5627097105315166,-0.23783637290630563,0.07423932531873108,-0.253760539677151
669,-1.0158811292213208,-0.5705520601689682,-0.562710025823692,-0.23783756387769403,0.0742407695156448,-0.2537611807587737
670,-1.0197211462238818,-0.5649410915284926,-0.5721480044044459,-0.252672752579976,0.07553169007651002,-0.2503429292040345
671,-1.0197306754936986,-0.5649417759896287,-0.5721447725177319,-0.2526670307595668,0.07553926717227256,-0.25034644999443106
672,-0.9571054503355292,-0.683188635257914,8.258923431667517,-4.129995263124514,-0.5432586853809321,0.10917041689484933
673,-1.0197322595216642,-0.5649414062998316,-0.5721476617678806,-0.2526715781178807,0.07552803563209239,-0.25034215218852773
674,-1.0197136451234075,-0.5649404889941201,-0.572151423132828,-0.2526791378685922,0.0755250397820444,-0.25033977594515067
675,-1.0155906662462189,-0.5709621782338086,-0.5620193654150502,-0.23675100755069453,0.07414272781848737,-0.25401004852660475
676,-1.0197601618124343,-0.5649427945852952,-0.5721424411186875,-0.25266129615838356,0.07553328026281654,-0.25034571689019386
677,-1.6162285993225378,14.63224236195585,-0.2769433030937776,-0.112136970547314,0.5474915833667723,-0.05249178089107481
678,-1.0197161161210095,-0.564940811504332,-0.5721482139791016,-0.2526727140179234,0.07552920299775769,-0.2503422215461432
679,-1.011559959493725,-0.5768470785780823,-0.552117866005662,-0.22118631134683858,0.07279640125057565,-0.2575981308905501
680,-1.019728008977697,-0.5649411355235548,-0.5721495108845348,-0.2526753616206271,0.07552643750862804,-0.2503409819031274
681,-1.0197206049384318,-0.5649409529189318,-0.5721484554402266,-0.25267314800099017,0.07552824905035539,-0.25034178878061386
682,-0.9271564863712739,-0.7559037994268152,-0.20476873418222458,0.8462504138212315,2.757640657293414,7.21356490574346
683,-1.0197142509420951,-0.5649405197648218,-0.5721513552504205,-0.25267899605307204,0.07552514446278354,-0.2503398102792057
684,-1.019722127167672,-0.5649413747888585,-0.5721447167837878,-0.25266610018568897,0.07553596810658043,-0.2503453184529706
685,-1.0197166268792606,-0.5649407710409368,-0.5721500925767539,-0.2526769195109239,0.07552917480883244,-0.2503414514382834
686,-0.9271576376367173,-0.7559036444483572,-0.2047734433567741,0.8462397797896506,2.7576403273812047,7.213566482602476
687,-1.0157838795750673,-0.5706887327152558,-0.5624808894015461,-0.23747786452026218,0.07420858772467549,-0.25384381814381585
688,-0.9999794072472474,-0.5938182866959338,-0.5235699600388772,-0.17631089498338764,0.06889231000722104,-0.2679371916096052
689,-1.0156796642086492,-0.5708252765620647,-0.5622504063385273,-0.23711561847799148,0.07417962292277898,-0.2539279179464201
690,26.91080952897325,0.5154289481013699,0.004850501484387652,1.3525322513290043,0.2739571694711148,-1.015037768273711
691,-1.015597216058289,-0.5709621575102546,-0.5620228228388485,-0.2367579306868064,0.0741374196463322,-0.2540071868144622
692,-1.0155850035975498,-0.570962166155338,-0.5620182286107219,-0.23674905579792083,0.07414730763748979,-0.2540114727197411
693,-1.0031288888819458,-0.5891639166293766,-0.5313978068266737,-0.18861529775628716,0.06996253517034509,-0.2651018796236311
694,-1.015685144572876,-0.5708253100078483,-0.5622506089120715,-0.23711498408318257,0.07417324289888096,-0.25392581574335393
695,-0.95714596554961,-0.6831906587055596,8.258930944556896,-4.129980487724515,-0.5432509744719156,0.10916531520773129
696,-1.019713120989295,-0.5649407339317137,-0.5721503509867971,-0.2526779819588015,0.07553245593335663,-0.2503422008794232
697,1.427244476687601,-0.6911496607804613,1.5367103857140934,3.6964635678157163,4.900525452025677,-2.3702532274200916
698,-1.0154861329313198,-0.5710987637826285,-0.5617905175286173,-0.23639319411027052,0.07411799008558913,-0.25409490092103315
699,-1.0197402961936624,-0.564941410455164,-0.5721540579629839,-0.252685470089766,0.07552478288081228,-0.25033868310274526
700,-1.0155943588756489,-0.570962322967082,-0.5620211652917934,-0.2367553499866813,0.07414438558167981,-0.2540096705645899
701,-1.0197138594112825,-0.5649401664516952,-0.5721561638596478,-0.25268882515356084,0.0755195027884318,-0.250336463605107
702,-1.0154729492832995,-0.5712379539888897,-0.5615638477205319,-0.2360376012480874,0.07406767583807107,-0.2541721532748307
703,-1.6163035082208455,14.632239436622843,-0.27693769704256194,-0.11212546093948347,0.5474891748665267,-0.05249375858351853
704,-1.0197017836105473,-0.5649401539542007,-0.5721527119387542,-0.25268267578655385,0.07553013111841907,-0.25034062616191777
705,-1.0152111261300847,-0.5715094630293142,-0.5610988879453398,-0.2353046611357272,0.07401909202310476,-0.25434405495568674
706,-1.0197167922368167,-0.5649410018193106,-0.5721479026399718,-0.25267290658095504,0.07553429612103248,-0.25034375580423335
707,-1.0197070135154722,-0.5649405244747827,-0.5721483926419331,-0.25267310086822187,0.0755305315337927,-0.25034224908297986
708,-1.0197100992361239,-0.5649408213768338,-0.5721473547791015,-0.2526717726041577,0.07553574448580565,-0.2503442347874985
709,-1.0197079034805772,-0.5649406684428224,-0.5721490542563026,-0.25267508708817205,0.0755338867338924,-0.2503426040003401
710,-1.0197154991293709,-0.5649404696600173,-0.5721526196034142,-0.2526815732088436,0.07552340168273021,-0.25033886536748495
711,-1.0197034601353951,-0.5649401493294062,-0.5721514456517723,-0.252679219986067,0.07552642548564299,-0.25034007224729643
712,-1.0197065521268494,-0.5649402969881375,-0.5721534284485593,-0.2526841600543668,0.07552917615361722,-0.25033993779777913
713,-1.0197152653895882,-0.5649404810710327,-0.5721523445949701,-0.2526809413455375,0.07552349569376417,-0.25033891058418456
714,-1.019704639122748,-0.5649401942520663,-0.572151418700867,-0.25267916111914795,0.07552634577023172,-0.25034004542220156
715,1.42720860257723,-0.691151506162467,1.536715911691194,3.6964730654902374,4.900537252821814,-2.370259309103378
716,-1.0197097568717568,-0.5649405115463114,-0.5721497500502436,-0.2526759714088019,0.07552884107922865,-0.2503414771395538
717,-1.015673265262213,-0.5708251575944719,-0.5622481528654099,-0.2371106178516455,0.07418083543599481,-0.2539289853421858
718,-1.0156779675082872,-0.5708252642421727,-0.5622484908085894,-0.2371111341772954,0.07417890615361879,-0.2539283516441157
719,-1.0197225057195145,-0.5649412445679575,-0.5721467283166815,-0.25267024634508856,0.07553361945585325,-0.25034395512522917
720,-1.0155962858217817,-0.5709624048238441,-0.5620188288453959,-0.2367499007827749,0.07414262533417433,-0.25401025244350023
721,-0.9271508085259856,-0.7559037646750575,-0.2047672239622665,0.8462531233250447,2.757645080985856,7.213563070748127
722,-1.0197232448210773,-0.5649413500070835,-0.5721451898488252,-0.2526668362537455,0.07553402886858541,-0.25034452066099827
723,-1.0197202602395534,-0.5649406817735177,-0.5721513988147391,-0.2526788307638474,0.07552296929871956,-0.25033918744321165
724,-1.0197125093759234,-0.5649405061347642,-0.5721503780568575,-0.25267683326543805,0.07552558326697419,-0.2503402352936485
725,-1.0196791073899294,-0.5649393863778768,-0.572153038750191,-0.252683508092345,0.07553327753078033,-0.25034123640833134
726,-1.0154020603954843,-0.571235860230956,-0.56155939175751,-0.2360283311501154,0.07408050032924086,-0.2541766623606151
727,-1.0153981184716363,-0.5712358145980653,-0.5615592278175816,-0.236028655830192,0.07408452754238355,-0.2541780821624227
728,-1.019769276808199,-0.5649430372683795,-0.5721441037641043,-0.2526647895502266,0.07553119444023555,-0.25034435213153955
729,-1.0145310738455573,-0.5724667241962492,-0.5594859985866308,-0.23276864207289147,0.07380324649346216,-0.2549291529771108
730,-0.9571352005847175,-0.6831896757815618,8.258926527579742,-4.129987849580916,-0.5432647292857584,0.10917074639783758
731,-1.0197217951887967,-0.5649411103599146,-0.5721487054347927,-0.2526744676901876,0.07553241218656633,-0.2503429067333702
732,-1.0071655172891256,-0.5832796832447107,-0.5412966955708883,-0.20417652317619533,0.0713214885316866,-0.26151860349810596
733,-1.0114019381581567,-0.5771219228766092,-0.5516551262647353,-0.22045752274141125,0.07273137053331682,-0.25776515830124064
734,1.447109396363485,-0.7201631205669767,1.5855259978621739,3.7732027999747304,4.893863646935656,-2.387936035288903
735,-1.0077261173394134,-0.5824584481469185,-0.5426769512691196,-0.20634477756647057,0.07150674678134702,-0.261017560478951
736,-1.0159633313519982,-0.5704150863285895,-0.5629386036630487,-0.2381970107109637,0.07428072708140744,-0.2536807249122686
737,-1.0155993677344315,-0.5709627222637427,-0.5620191979871412,-0.2367522514907448,0.07415057678031091,-0.2540126150689764
738,-1.616274132107189,14.632240604272306,-0.2769417400038334,-0.11213447496570503,0.547491937183625,-0.05249292095854091
739,-1.0115680714628257,-0.5768475014972626,-0.5521165994850633,-0.22118398177735843,0.0727985827739516,-0.2575991689502874
740,-1.0155989984862377,-0.5709626374141671,-0.5620195409606069,-0.2367522788779574,0.07414716796930178,-0.25401107801683565
741,-0.9572004028893693,-0.6831924867853717,8.258930059508856,-4.1299827552656945,-0.5432561228817292,0.10916642597876242
742,-1.6162566410326262,14.632241595169274,-0.2769479196152515,-0.11214738133791632,0.5474881569671998,-0.05248951986505358
743,-1.0197308630111688,-0.5649415648127798,-0.572146665617772,-0.252670415277806,0.07553420159040876,-0.2503443315749869
744,-1.0157016839268334,-0.5708259157172699,-0.5622504161386324,-0.23711491630774623,0.07417311014140611,-0.2539261412063351
745,26.906590474635614,0.5215873464242197,-0.005510502084657918,1.336244989565122,0.2753712948832888,-1.0112846960749884
746,-1.019718178508287,-0.5649409074085981,-0.5721481902819741,-0.2526727192879792,0.07552945536631457,-0.250342206840323
747,-1.0197140598163879,-0.5649409263062392,-0.5721482451091107,-0.252673678690838,0.0755349306404013,-0.2503435781090082
748,-1.0117436685835304,-0.5765734121054564,-0.5525767442068917,-0.2219070241899501,0.07286269700332923,-0.25743261893570774
749,-1.0197149795383464,-0.5649409886746762,-0.5721494843772179,-0.2526769583063892,0.07553753841813511,-0.25034393172107017
750,-1.0031987094323567,-0.5890262854257136,-0.5316280445552226,-0.18897741664261755,0.06999784459715927,-0.26501937619794436
751,-1.0197247207573628,-0.5649408916460006,-0.5721546291891288,-0.2526871612613703,0.07552842807105144,-0.2503396405990154
752,-1.0197120524068415,-0.5649404331354655,-0.572153366601249,-0.2526837212147597,0.07552679928794932,-0.25033934129482727
753,-1.0197075894564092,-0.5649403587882326,-0.5721515759080104,-0.2526799141059554,0.07552830967981107,-0.25034055248643416
754,-1.0197443819335625,-0.564942304414517,-0.5721441468951664,-0.25266561091414114,0.07553811617082752,-0.250346166281797
755,-1.019752954120196,-0.5649427693695744,-0.5721377713968397,-0.2526510072378578,0.07553553461134162,-0.2503478736795042
756,18.372069389265803,0.37889328827623314,-5.253366181425319,-10.066309395846103,-1.7568928372462727,2.1422988993782908
757,-1.0197032535888952,-0.564940380366611,-0.5721498670156591,-0.25267643452082467,0.07553143496688287,-0.250341708031939
758,-1.0197111939413064,-0.564940913347173,-0.5721464486805284,-0.252669719499459,0.07553581022550417,-0.2503444126279049
759,-1.015207846763786,-0.5715092956317094,-0.5611005448136942,-0.23530826906530544,0.07401904415542428,-0.25434325008325653
760,-0.9271609643366989,-0.755903856592601,-0.20477126502514237,0.8462455680276212,2.7576369000108647,7.213567813597839
761,-1.0197103386698516,-0.5649406199691037,-0.5721497514038825,-0.2526763256606888,0.07553112761507887,-0.25034193223835444
762,-1.0197104903701013,-0.5649407406502559,-0.5721476243981444,-0.25267183448826835,0.07553265800915122,-0.25034320181275094
763,-1.011069446383447,-0.5775304873280244,-0.5509688505412083,-0.21938133061495702,0.07264033819062035,-0.2580144481074016
764,-1.0153866324818797,-0.5712351402768012,-0.5615634996419765,-0.23603746397014413,0.07408127785219927,-0.2541754808784592
765,-1.0197120939946263,-0.5649402049918948,-0.5721542980560623,-0.25268478622847523,0.07552064369908586,-0.2503374027395769
766,-1.0197120356765976,-0.5649407795751524,-0.5721474019353766,-0.2526713439485173,0.07553228387578127,-0.25034335418432224
767,-1.0114187608016774,-0.5771228890132747,-0.5516539414196342,-0.22045728062440748,0.07274257334736958,-0.257769291098941
768,-1.0154890810393709,-0.5710989172132809,-0.5617885589611648,-0.23638856265356797,0.07411655287234982,-0.2540950529424647
769,-1.0156007326418464,-0.5709621979105349,-0.5620236527477003,-0.2367596922650137,0.07413596241664706,-0.2540066877832152
770,-1.0030570571957778,-0.5893022087560028,-0.5311599580152468,-0.1882386475232416,0.069942476633407,-0.26519131900933723
771,-0.9401436196154113,-0.6811303825840364,-0.3766709011775977,0.054611862986358034,0.04885251102727982,-0.3211508388826431
772,-0.9904594912732693,-0.6076390137791576,-0.500312297056057,-0.1397493313223992,0.06572953989999145,-0.27636464259886084
773,-1.0114922382779707,-0.5769848952336697,-0.5518877410198699,-0.22082501148996986,0.0727643298868916,-0.25768137172850547
774,-1.0154167020959957,-0.5712365670602328,-0.5615591589001087,-0.23602818328353317,0.07408258230125865,-0.2541765164340703
775,-1.0197167417021218,-0.5649407992930694,-0.572150375763061,-0.25267724450201867,0.07552839887138398,-0.25034053029580644
776,-1.0197307319551994,-0.5649414488229082,-0.572149661620079,-0.25267619653699086,0.07553060525715001,-0.2503411522509462
777,-1.6162460945470347,14.632242789599411,-0.2769577911850592,-0.112166229921347,0.5474711583617887,-0.05248045081823845
778,-1.0197416811083069,-0.5649398451677252,-0.5721686757073017,-0.2527115683490268,0.07548646931328186,-0.25032210056581516
779,-1.0153256036804557,-0.5713735845766333,-0.5613270181790849,-0.23566252113555372,0.07405295888159154,-0.25426172730609325
780,-1.0109766679135914,-0.5778080493622182,-0.5505005348608059,-0.21864085532946864,0.07257455727313508,-0.258182729074434
781,7.538746854927069,-0.45714289155252386,4.734415019539831,11.242166302740706,2.0997786840363184,-3.4251905939173692
